player_id,player_display_name,position,recent_team,age,proj_points,proj_boom_weeks,proj_boom_rate,carry_share,prior_pts,prior_boom_rate,replacement_pts,vor,sim_value,overall_rank,proj_season,is_rookie,draft_round,draft_pick,bye_week
00-0039067,Rashee Rice,WR,KC,26.0,256.2102355957,6.024922,0.35440716,0.0117096019,151.1,0.5,89.7821807861,166.4280548096,98.6537360354,1,2026,False,0,0,5
00-0036900,Ja'Marr Chase,WR,CIN,26.0,240.4203186035,5.405766,0.31798625,0.0079575597,336.6,0.6875,89.7821807861,150.6381378174,89.2939300534,2,2026,False,0,0,6
00-0036963,Amon-Ra St. Brown,WR,DET,27.0,233.1749267578,4.9857764,0.29328096,0.0069767442,340.1,0.4705882353,89.7821807861,143.3927459717,84.9990713805,3,2026,False,0,0,6
00-0031381,Davante Adams,WR,LA,34.0,221.5703430176,4.9099073,0.2888181,0.0,225.9,0.3571428571,89.7821807861,131.7881622314,78.1202098663,4,2026,False,0,0,11
00-0038542,Bijan Robinson,RB,ATL,24.0,249.488571167,5.947662,0.34986246,0.6193548387,388.8,0.5882352941,91.2315444946,158.2570266724,77.9368973663,5,2026,False,0,0,11
00-0037238,Drake London,WR,ATL,25.0,216.8623657227,3.2990963,0.1940645,0.0,216.9,0.4166666667,89.7821807861,127.0801849365,75.3294571303,6,2026,False,0,0,11
00-0033280,Christian McCaffrey,RB,SF,30.0,243.9038543701,5.6980567,0.3351798,0.6731601732,426.6,0.7058823529,91.2315444946,152.6723098755,75.1865897877,7,2026,False,0,0,8
00-0039040,De'Von Achane,RB,MIA,25.0,243.2189941406,5.834082,0.3431813,0.5613207547,334.1,0.375,91.2315444946,151.987449646,74.8493164133,8,2026,False,0,0,6
00-0039919,Rome Odunze,WR,CHI,24.0,213.6104125977,3.4698534,0.20410903,0.0,153.2,0.25,89.7821807861,123.8282318115,73.4017933986,9,2026,False,0,0,10
00-0038543,Jaxon Smith-Njigba,WR,SEA,24.0,210.8323059082,3.8051481,0.22383225,0.014198783,388.9,0.7647058824,89.7821807861,121.0501251221,71.7550121252,10,2026,False,0,0,11
00-0039075,Puka Nacua,WR,LA,25.0,210.7903137207,3.8233156,0.22490092,0.0227790433,395.0,0.625,89.7821807861,121.0081329346,71.7301203713,11,2026,False,0,0,11
00-0036358,CeeDee Lamb,WR,DAL,27.0,206.9459228516,3.9839792,0.23435172,0.0022321429,218.9,0.4615384615,89.7821807861,117.1637420654,69.4512766845,12,2026,False,0,0,14
00-0037744,Trey McBride,TE,ARI,27.0,225.035736084,3.7844296,0.2226135,0.0,324.9,0.4117647059,125.5790863037,99.4566497803,68.3292573988,13,2026,False,0,0,14
00-0037247,George Pickens,WR,DAL,25.0,204.8413848877,4.217327,0.24807806,0.0,304.9,0.2941176471,89.7821807861,115.0592041016,68.2037674649,14,2026,False,0,0,14
00-0040124,Tetairoa McMillan,WR,CAR,23.0,203.9265899658,3.5468674,0.20863926,0.0,219.3,0.0588235294,89.7821807861,114.1444091797,67.6615035008,15,2026,False,0,0,5
00-0039064,Zay Flowers,WR,BAL,26.0,201.3978881836,2.9215906,0.17185827,0.0204081633,258.3,0.2352941176,89.7821807861,111.6157073975,66.162562241,16,2026,False,0,0,13
00-0039139,Jahmyr Gibbs,RB,DET,24.0,221.7797088623,3.927792,0.23104659,0.5651162791,380.6,0.4705882353,91.2315444946,130.5481643677,64.2911035397,17,2026,False,0,0,6
00-0036410,Tee Higgins,WR,CIN,27.0,198.176071167,3.3901308,0.19941945,0.0,214.9,0.2,89.7821807861,108.3938903809,64.2527623225,18,2026,False,0,0,6
00-0034348,Courtland Sutton,WR,DEN,31.0,191.4904174805,4.019535,0.23644324,0.0,223.7,0.1764705882,89.7821807861,101.7082366943,60.2897002368,19,2026,False,0,0,10
00-0036223,Jonathan Taylor,RB,IND,27.0,209.2099304199,3.917315,0.23043029,0.7534883721,370.7,0.4117647059,91.2315444946,117.9783859253,58.100860029,20,2026,False,0,0,13
00-0036322,Justin Jefferson,WR,MIN,27.0,183.0630187988,2.7484553,0.16167384,0.0050505051,210.5,0.1764705882,89.7821807861,93.2808380127,55.2941821076,21,2026,False,0,0,6
00-0036554,Nico Collins,WR,HOU,27.0,181.7300415039,3.1094885,0.18291108,0.004415011,235.2,0.3333333333,89.7821807861,91.9478607178,54.504031731,22,2026,False,0,0,8
00-0035676,A.J. Brown,WR,NE,29.0,179.8321228027,2.914804,0.17145906,0.0,235.3,0.2666666667,89.7821807861,90.0499420166,53.3790004328,23,2026,False,0,0,11
00-0040122,Ashton Jeanty,RB,LV,23.0,195.30909729,3.6416893,0.21421702,0.7355371901,246.8,0.1764705882,91.2315444946,104.0775527954,51.2551115164,24,2026,False,0,0,13
00-0040666,Omarion Hampton,RB,LAC,23.0,194.8698730469,2.621884,0.15422848,0.2743362832,138.7,0.3333333333,91.2315444946,103.6383285522,51.0388065884,25,2026,False,0,0,7
00-0036997,Javonte Williams,RB,DAL,26.0,191.8091430664,3.0381556,0.17871504,0.5625,252.8,0.25,91.2315444946,100.5775985718,49.5314877453,26,2026,False,0,0,14
00-0037239,Chris Olave,WR,NO,26.0,172.3966674805,3.243023,0.19076605,0.0023419204,278.0,0.3125,89.7821807861,82.6144866943,48.9714776296,27,2026,False,0,0,8
00-0038997,Josh Downs,WR,IND,25.0,169.8314819336,2.3673782,0.13925755,0.0046511628,136.5,0.0,89.7821807861,80.0493011475,47.4509098496,28,2026,False,0,0,13
00-0034844,Saquon Barkley,RB,PHI,29.0,184.3211364746,3.0509822,0.17946954,0.6017130621,225.1,0.125,91.2315444946,93.08959198,45.8438663266,29,2026,False,0,0,10
00-0037248,James Cook,RB,BUF,27.0,181.1948852539,3.1376452,0.18456736,0.591954023,335.2,0.5882352941,91.2315444946,89.9633407593,44.3042802137,30,2026,False,0,0,7
00-0038120,Breece Hall,RB,NYJ,25.0,180.8651885986,2.5579154,0.15046561,0.5364238411,223.66,0.1875,91.2315444946,89.633644104,44.1419143781,31,2026,False,0,0,13
00-0037740,Garrett Wilson,WR,NYJ,26.0,164.246963501,2.3931632,0.14077431,0.0,98.9,0.2857142857,89.7821807861,74.4647827148,44.140568886,32,2026,False,0,0,13
00-0035700,Josh Jacobs,RB,GB,28.0,180.497756958,2.3518736,0.13834551,0.4989339019,241.1,0.3333333333,91.2315444946,89.2662124634,43.96096518,33,2026,False,0,0,11
00-0040128,Tyler Warren,TE,IND,24.0,188.7215270996,4.145283,0.24384019,0.0139534884,188.5,0.0,125.5790863037,63.1424407959,43.3804687717,34,2026,False,0,0,13
DKBF-027-JEREMIYAH-LOVE,Jeremiyah Love,RB,ARI,,177.8432701218,2.8892252872,0.1699544287,0.5384579101,,,91.2315444946,86.6117256272,42.6537090507,35,2026,False,0,0,14
00-0036275,D'Andre Swift,RB,CHI,27.0,176.7585449219,2.4801989,0.14589405,0.4495967742,240.7,0.3125,91.2315444946,85.5270004272,42.1195140241,36,2026,False,0,0,10
00-0035261,Tony Pollard,RB,TEN,29.0,175.7648162842,2.2909563,0.13476214,0.6505376344,200.8,0.1176470588,91.2315444946,84.5332717896,41.6301321087,37,2026,False,0,0,9
00-0032764,Derrick Henry,RB,BAL,32.0,171.6244354248,3.093708,0.18198283,0.6265306122,309.5,0.2941176471,91.2315444946,80.3928909302,39.5911171917,38,2026,False,0,0,13
00-0039361,Bucky Irving,RB,TB,24.0,170.1283416748,2.2601402,0.13294943,0.3728448276,143.5,0.1,91.2315444946,78.8967971802,38.8543353408,39,2026,False,0,0,10
00-0038606,Parker Washington,WR,JAX,24.0,151.6213378906,2.250554,0.13238554,0.0150214592,178.7,0.1333333333,89.7821807861,61.8391571045,36.6564632905,40,2026,False,0,0,7
00-0038134,Kenneth Walker III,RB,KC,26.0,165.0352630615,2.266772,0.13333952,0.4482758621,197.9,0.1764705882,91.2315444946,73.8037185669,36.3461450031,41,2026,False,0,0,5
00-0036973,Travis Etienne,RB,NO,27.0,164.3424987793,2.2789972,0.13405865,0.5579399142,259.9,0.2941176471,91.2315444946,73.1109542847,36.0049791169,42,2026,False,0,0,8
00-0037840,Kyren Williams,RB,LA,26.0,163.6584320068,2.2721264,0.13365449,0.589977221,270.3,0.2352941176,91.2315444946,72.4268875122,35.6680964965,43,2026,False,0,0,11
00-0037664,Alec Pierce,WR,IND,26.0,149.7288665771,2.2161832,0.13036372,0.0,189.3,0.2,89.7821807861,59.946685791,35.5346610461,44,2026,False,0,0,13
00-0033921,Chris Godwin Jr.,WR,TB,30.0,149.6954650879,2.0966666,0.12333333,0.0,84.0,0.1111111111,89.7821807861,59.9132843018,35.5148616096,45,2026,False,0,0,10
DKBF-063-CARNELL-TATE,Carnell Tate,WR,TEN,,147.3920704958,2.05844307,0.1210848865,0.0050588374,,,89.7821807861,57.6098897096,34.1494759339,46,2026,False,0,0,9
00-0036139,Rico Dowdle,RB,PIT,28.0,159.4800567627,2.0755913,0.12209361,0.5337837838,226.4,0.1764705882,91.2315444946,68.2485122681,33.6103704706,47,2026,False,0,0,9
00-0037228,Jaylen Warren,RB,PIT,28.0,159.0100097656,2.026955,0.11923264,0.5341772152,223.1,0.125,91.2315444946,67.778465271,33.3788862494,48,2026,False,0,0,9
00-0039851,Drake Maye,QB,NE,24.0,307.1960009512,7.1653504,0.4214912,0.1777301927,364.46,0.5882352941,210.3753976643,96.8206032868,33.3472004635,49,2026,False,0,0,11
00-0039337,Malik Nabers,WR,NYG,23.0,145.6711578369,1.9384089,0.11402405,0.0,60.1,0.25,89.7821807861,55.8889770508,33.1293686967,50,2026,False,0,0,8
00-0036259,Jauan Jennings,WR,MIN,29.0,144.10206604,1.8365037,0.108029634,0.0,173.3,0.0,89.7821807861,54.3198852539,32.1992564742,51,2026,False,0,0,6
00-0035719,Deebo Samuel Sr.,WR,WAS,30.0,143.1984558105,2.0747564,0.122044496,0.0357894737,188.2,0.25,89.7821807861,53.4162750244,31.6636224721,52,2026,False,0,0,7
DKBF-067-JORDYN-TYSON,Jordyn Tyson,WR,NO,,142.3817471032,1.9123233735,0.1124896102,0.0047890161,,,89.7821807861,52.599566317,31.1795011782,53,2026,False,0,0,8
00-0038117,Wan'Dale Robinson,WR,TEN,25.0,140.6446685791,1.635393,0.09619959,0.0059760956,226.9,0.25,89.7821807861,50.862487793,30.1498112837,54,2026,False,0,0,9
00-0034960,Jakobi Meyers,WR,JAX,30.0,140.593170166,1.8903346,0.11119615,0.0107296137,177.8,0.0625,89.7821807861,50.8109893799,30.1192845143,55,2026,False,0,0,7
00-0033106,Jared Goff,QB,DET,32.0,297.8159466536,6.278556,0.36932683,0.0255813953,333.86,0.3529411765,210.3753976643,87.4405489893,30.1164981088,56,2026,False,0,0,6
DKBF-082-MAKAI-LEMON,Makai Lemon,WR,PHI,,140.452374835,1.9433253786,0.1143132576,0.0035347221,,,89.7821807861,50.6701940488,30.0358251154,57,2026,False,0,0,10
00-0026498,Matthew Stafford,QB,LA,38.0,297.3611956291,6.9451065,0.4085357,0.0273348519,378.48,0.5882352941,210.3753976643,86.9857979648,29.9598715948,58,2026,False,0,0,11
00-0034857,Josh Allen,QB,BUF,30.0,296.3507932769,8.435851,0.49622655,0.1800766284,389.62,0.6875,210.3753976643,85.9753956126,29.6118662257,59,2026,False,0,0,7
00-0039893,Brian Thomas Jr.,WR,JAX,24.0,139.6882781982,1.858063,0.10929782,0.0064377682,138.8,0.0714285714,89.7821807861,49.9060974121,29.5828907349,60,2026,False,0,0,7
00-0040715,Cam Skattebo,RB,NYG,24.0,150.4739074707,1.8321137,0.1077714,0.203187251,119.8,0.25,91.2315444946,59.2423629761,29.1751087461,61,2026,False,0,0,8
00-0038559,Michael Wilson,WR,ARI,26.0,136.7980041504,1.805169,0.10618641,0.0,229.6,0.2352941176,89.7821807861,47.0158233643,27.8696198965,62,2026,False,0,0,14
00-0038124,Christian Watson,WR,GB,27.0,136.7554626465,1.650443,0.09708488,0.0021321962,135.4,0.3,89.7821807861,46.9732818604,27.8444025238,63,2026,False,0,0,11
00-0036971,Trevor Lawrence,QB,JAX,27.0,290.2836147339,7.3400664,0.43176863,0.1587982833,358.18,0.4705882353,210.3753976643,79.9082170696,27.5221930337,64,2026,False,0,0,7
00-0037240,Jameson Williams,WR,DET,25.0,135.638671875,1.5134403,0.0890259,0.0139534884,231.1,0.2352941176,89.7821807861,45.8564910889,27.1824012638,65,2026,False,0,0,6
00-0033906,Alvin Kamara,RB,NO,31.0,146.3753204346,1.9903885,0.11708168,0.3067915691,104.7,0.0,91.2315444946,55.1437759399,27.156676049,66,2026,False,0,0,8
00-0036919,Kenneth Gainwell,RB,TB,27.0,146.1450195312,1.8335199,0.10785411,0.2886075949,223.3,0.2352941176,91.2315444946,54.9134750366,27.0432596766,67,2026,False,0,0,10
00-0038597,Chase Brown,RB,CIN,26.0,145.8283081055,2.6718526,0.15716779,0.6180371353,277.4,0.1764705882,91.2315444946,54.5967636108,26.8872886818,68,2026,False,0,0,6
00-0036407,Jerry Jeudy,WR,CLE,27.0,134.5761260986,1.6009132,0.09417136,0.0023980815,122.7,0.0,89.7821807861,44.7939453125,26.5525548676,69,2026,False,0,0,11
00-0033293,Aaron Jones,RB,MIN,32.0,144.1713256836,1.8235412,0.10726713,0.3333333333,120.7,0.0,91.2315444946,52.939781189,26.0712739262,70,2026,False,0,0,6
00-0030279,Keenan Allen,WR,LAC,34.0,133.5441131592,1.374797,0.08087041,0.0,185.7,0.0588235294,89.7821807861,43.761932373,25.9408074538,71,2026,False,0,0,7
00-0039732,Bo Nix,QB,DEN,26.0,282.0149412137,7.52376,0.4425741,0.1503416856,325.54,0.4705882353,210.3753976643,71.6395435494,24.6742752963,72,2026,False,0,0,10
00-0035640,DK Metcalf,WR,PIT,29.0,130.4144134521,1.2896142,0.07585966,0.0050632911,193.2,0.1333333333,89.7821807861,40.632232666,24.0856120114,73,2026,False,0,0,9
00-0039918,Caleb Williams,QB,CHI,25.0,279.9424354832,7.4069138,0.4357008,0.1330645161,329.38,0.4705882353,210.3753976643,69.5670378189,23.960457558,74,2026,False,0,0,10
00-0033077,Dak Prescott,QB,DAL,33.0,279.2767397065,6.697175,0.39395148,0.0825892857,340.98,0.5882352941,210.3753976643,68.9013420422,23.7311769116,75,2026,False,0,0,14
DKBF-060-JADARIAN-PRICE,Jadarian Price,RB,SEA,,137.3583050617,1.6630083272,0.0978240192,0.3927252516,,,91.2315444946,46.1267605671,22.7160631016,76,2026,False,0,0,11
00-0036389,Jalen Hurts,QB,PHI,28.0,275.0436926804,6.6988945,0.39405262,0.2012847966,317.56,0.4375,210.3753976643,64.6682950161,22.2732199999,77,2026,False,0,0,10
00-0038544,Quentin Johnston,WR,LAC,25.0,126.6043548584,1.3736362,0.080802135,0.0044247788,176.2,0.2307692308,89.7821807861,36.8221740723,21.8271195042,78,2026,False,0,0,7
00-0040129,Emeka Egbuka,WR,TB,24.0,125.3344039917,1.3459033,0.07917078,0.0064655172,202.7,0.2352941176,89.7821807861,35.5522232056,21.0743293708,79,2026,False,0,0,10
00-0034855,Baker Mayfield,QB,TB,31.0,271.5096810139,5.114132,0.3008313,0.1012931034,291.82,0.2352941176,210.3753976643,61.1342833496,21.0560266394,80,2026,False,0,0,10
00-0035659,Terry McLaurin,WR,WAS,31.0,124.2308883667,1.3511127,0.07947722,0.0,114.2,0.1,89.7821807861,34.4487075806,20.4201972336,81,2026,False,0,0,7
00-0036158,J.K. Dobbins,RB,DEN,28.0,131.2732696533,1.8975705,0.1116218,0.3485193622,121.9,0.0,91.2315444946,40.0417251587,19.7193634285,82,2026,False,0,0,10
00-0039384,Tyrone Tracy Jr.,RB,NYG,27.0,129.8766021729,1.6042141,0.09436554,0.3505976096,165.8,0.1333333333,91.2315444946,38.6450576782,19.0315460698,83,2026,False,0,0,8
00-0038977,Tank Dell,WR,HOU,27.0,121.6978988647,1.2061486,0.07094992,0.0227272727,143.0,0.1428571429,89.7821807861,31.9157180786,18.9187143376,84,2026,False,0,0,8
00-0040784,Quinshon Judkins,RB,CLE,23.0,129.4886779785,1.5817318,0.093043044,0.5539568345,161.7,0.1428571429,91.2315444946,38.2571334839,18.8405048961,85,2026,False,0,0,11
00-0036970,Kyle Pitts,TE,ATL,26.0,152.7532501221,1.7147689,0.10086876,0.0,213.8,0.0588235294,125.5790863037,27.1741638184,18.6693442645,86,2026,False,0,0,11
00-0039849,Marvin Harrison Jr.,WR,ARI,24.0,120.9910125732,1.3008604,0.0765212,0.0,125.8,0.0833333333,89.7821807861,31.2088317871,18.4996925946,87,2026,False,0,0,14
00-0037261,Khalil Shakir,WR,BUF,26.0,120.0352172852,1.7190032,0.101117834,0.0019157088,165.1,0.0625,89.7821807861,30.253036499,17.9331247995,88,2026,False,0,0,7
00-0036875,Rhamondre Stevenson,RB,NE,28.0,126.2158508301,1.4668599,0.08628588,0.2805139186,178.4,0.1428571429,91.2315444946,34.9843063354,17.228734481,89,2026,False,0,0,11
00-0036613,Jaylen Waddle,WR,DEN,28.0,118.7490386963,1.4098328,0.08293134,0.0047169811,197.12,0.125,89.7821807861,28.9668579102,17.1707153419,90,2026,False,0,0,10
00-0033873,Patrick Mahomes,QB,KC,31.0,260.0388387078,6.055398,0.3561999,0.131147541,299.38,0.5714285714,210.3753976643,49.6634410435,17.1052097174,91,2026,False,0,0,5
00-0036355,Justin Herbert,QB,LAC,28.0,258.4187385495,5.579196,0.328188,0.1637168142,312.68,0.375,210.3753976643,48.0433408851,16.5472106664,92,2026,False,0,0,7
00-0036252,Michael Pittman,WR,PIT,29.0,117.2489700317,0.8718826,0.05128721,0.0,205.0,0.1764705882,89.7821807861,27.4667892456,16.2815180354,93,2026,False,0,0,9
00-0040734,TreVeyon Henderson,RB,NE,24.0,123.9252090454,1.257634,0.073978476,0.3854389722,214.2,0.1764705882,91.2315444946,32.6936645508,16.100661261,94,2026,False,0,0,11
00-0039868,Troy Franklin,WR,DEN,23.0,116.9186019897,1.5325868,0.09015217,0.0113895216,173.1,0.1764705882,89.7821807861,27.1364212036,16.0856854178,95,2026,False,0,0,10
00-0034796,Lamar Jackson,QB,BAL,29.0,257.0079716911,3.8262877,0.22507575,0.1183673469,226.86,0.4615384615,210.3753976643,46.6325740268,16.0613107273,96,2026,False,0,0,13
00-0036912,DeVonta Smith,WR,PHI,28.0,116.5288238525,1.4176303,0.08339002,0.0,207.8,0.1764705882,89.7821807861,26.7466430664,15.8546362146,97,2026,False,0,0,10
00-0036555,Chuba Hubbard,RB,CAR,27.0,122.7974700928,1.2920187,0.0760011,0.3040540541,123.6,0.0666666667,91.2315444946,31.5659255981,15.5452832354,98,2026,False,0,0,5
00-0040583,Woody Marks,RB,HOU,26.0,122.5513916016,1.2904364,0.07590802,0.4326710817,145.1,0.0625,91.2315444946,31.3198471069,15.4240968684,99,2026,False,0,0,8
00-0034351,Dallas Goedert,TE,PHI,31.0,147.9375610352,1.6396176,0.09644809,0.0,188.1,0.1333333333,125.5790863037,22.3584747314,15.3608429235,100,2026,False,0,0,10
00-0036264,Jordan Love,QB,GB,28.0,254.6956317,3.4220495,0.20129703,0.0724946695,248.34,0.3333333333,210.3753976643,44.3202340357,15.264888658,101,2026,False,0,0,11
00-0038563,Tre Tucker,WR,LV,25.0,115.3034667969,1.0218415,0.060108326,0.0303030303,164.7,0.0588235294,89.7821807861,25.5212860107,15.1282800022,102,2026,False,0,0,13
00-0034869,Sam Darnold,QB,SEA,29.0,254.2050803209,3.3797817,0.1988107,0.0446247465,264.72,0.2352941176,210.3753976643,43.8296826566,15.0959316941,103,2026,False,0,0,11
00-0039391,Kimani Vidal,RB,LAC,25.0,120.8409194946,1.321321,0.07772476,0.342920354,126.9,0.25,91.2315444946,29.609375,14.5817400275,104,2026,False,0,0,7
00-0039338,Brock Bowers,TE,LV,24.0,145.2207946777,1.6407502,0.09651472,0.0055096419,180.2,0.1666666667,125.5790863037,19.641708374,13.4943550804,105,2026,False,0,0,13
00-0039165,Zach Charbonnet,RB,SEA,25.0,118.0032653809,1.1907741,0.07004553,0.3752535497,179.2,0.0625,91.2315444946,26.7717208862,13.1842794402,106,2026,False,0,0,11
00-0040663,Harold Fannin Jr.,TE,CLE,22.0,144.3069610596,2.0254202,0.11914236,0.0167865707,191.4,0.0625,125.5790863037,18.7278747559,12.8665280557,107,2026,False,0,0,11
00-0039915,Ladd McConkey,WR,LAC,25.0,111.2842407227,1.1358085,0.06681226,0.0,186.9,0.1875,89.7821807861,21.5020599365,12.7457990639,108,2026,False,0,0,7
00-0034753,Mark Andrews,TE,BAL,31.0,143.841003418,1.5545495,0.09144408,0.0204081633,131.0,0.0588235294,125.5790863037,18.2619171143,12.5464032606,109,2026,False,0,0,13
00-0031408,Mike Evans,WR,SF,33.0,109.8321990967,0.9396665,0.0552745,0.0,87.8,0.125,89.7821807861,20.0500183105,11.8850707964,110,2026,False,0,0,8
00-0040170,Elic Ayomanor,WR,TEN,23.0,109.7105789185,0.99709225,0.058652487,0.0,116.5,0.0,89.7821807861,19.9283981323,11.8129778733,111,2026,False,0,0,9
00-0039894,Xavier Worthy,WR,KC,23.0,109.6760406494,1.0592372,0.062308073,0.0257611241,109.9,0.0,89.7821807861,19.8938598633,11.7925045866,112,2026,False,0,0,5
00-0033553,James Conner,RB,ARI,31.0,113.2455291748,1.1112089,0.06536523,0.08815427,33.3,0.0,91.2315444946,22.0139846802,10.8412353038,113,2026,False,0,0,14
00-0036442,Joe Burrow,QB,CIN,30.0,241.6274809864,5.64477,0.33204532,0.0344827586,145.56,0.5,210.3753976643,31.2520833221,10.7639226783,114,2026,False,0,0,6
00-0037816,Romeo Doubs,WR,NE,26.0,107.8407058716,0.8164113,0.048024196,0.0,163.4,0.0625,89.7821807861,18.0585250854,10.7045712275,115,2026,False,0,0,11
00-0031588,Stefon Diggs,WR,NE,33.0,104.4657440186,1.0958071,0.06445924,0.0,225.3,0.2352941176,89.7821807861,14.6835632324,8.7039914806,116,2026,False,0,0,11
DKBF-175-DEZHAUN-STRIBLING,Dezhaun Stribling,WR,SF,,103.4011941863,1.0326431038,0.060743712,0.0141093024,,,89.7821807861,13.6190134002,8.072957138,117,2026,False,0,0,8
DKBF-178-TYREEK-HILL,Tyreek Hill,WR,FA,,103.294263361,1.0294338785,0.060554934,0.0130833387,,,89.7821807861,13.5120825749,8.0095716384,118,2026,False,0,0,0
DKBF-126-KC-CONCEPCION,Kc Concepcion,WR,CLE,,102.9381850134,1.0042999145,0.0590764656,0.0049006841,,,89.7821807861,13.1560042273,7.7984986954,119,2026,False,0,0,11
00-0037834,Brock Purdy,QB,SF,27.0,232.1067110787,5.2082815,0.3063695,0.0627705628,195.78,0.4444444444,210.3753976643,21.7313134144,7.4847546923,120,2026,False,0,0,8
00-0033923,Kareem Hunt,RB,KC,31.0,105.5420761108,0.9865658,0.058033284,0.3817330211,150.4,0.0588235294,91.2315444946,14.3105316162,7.04751288,121,2026,False,0,0,5
00-0039921,Trey Benson,RB,ARI,24.0,105.3323669434,1.0111419,0.059478935,0.0798898072,35.4,0.0,91.2315444946,14.1008224487,6.9442373276,122,2026,False,0,0,14
00-0040705,Chimere Dike,WR,TEN,25.0,100.4365386963,1.0159448,0.05976146,0.0295698925,116.1,0.0,89.7821807861,10.6543579102,6.3155951327,123,2026,False,0,0,9
00-0040730,RJ Harvey,RB,DEN,25.0,103.6248626709,1.1370459,0.066885054,0.3348519362,202.1,0.2352941176,91.2315444946,12.3933181763,6.1033420572,124,2026,False,0,0,10
00-0039890,Adonai Mitchell,WR,NYJ,24.0,99.5139770508,0.691454,0.040673763,0.0022075055,92.9,0.0625,89.7821807861,9.7317962646,5.7687272794,125,2026,False,0,0,13
00-0040236,Kyle Monangai,RB,CHI,24.0,102.4276733398,0.83882654,0.049342737,0.3447580645,141.6,0.1176470588,91.2315444946,11.1961288452,5.5137617776,126,2026,False,0,0,10
00-0033908,Cooper Kupp,WR,SEA,33.0,98.7570571899,0.8836317,0.051978335,0.0,117.3,0.0,89.7821807861,8.9748764038,5.320047084,127,2026,False,0,0,11
00-0033288,George Kittle,TE,SF,33.0,133.0935211182,1.4213977,0.08361163,0.0021645022,164.5,0.3636363636,125.5790863037,7.5144348145,5.1626085513,128,2026,False,0,0,8
00-0039163,C.J. Stroud,QB,HOU,25.0,225.3244533717,3.0404255,0.17884856,0.0838852097,220.04,0.2142857143,210.3753976643,14.9490557074,5.148792101,129,2026,False,0,0,8
00-0040242,Jacory Croskey-Merritt,RB,WAS,25.0,101.4622955322,1.1691182,0.06877166,0.3705263158,147.3,0.1176470588,91.2315444946,10.2307510376,5.0383418061,130,2026,False,0,0,7
00-0034827,DJ Moore,WR,BUF,29.0,98.1643371582,0.6544303,0.038495902,0.0302419355,170.68,0.2352941176,89.7821807861,8.3821563721,4.9686997969,131,2026,False,0,0,7
00-0033090,Hunter Henry,TE,NE,32.0,132.5004882812,1.4054666,0.0826745,0.0,181.8,0.1176470588,125.5790863037,6.9214019775,4.755179853,132,2026,False,0,0,11
DKBF-154-TRAVIS-HUNTER,Travis Hunter,WR,JAX,,97.7513985356,0.9033508909,0.0531382877,0.0094370668,,,89.7821807861,7.9692177494,4.723921728,133,2026,False,0,0,7
00-0035685,David Montgomery,RB,HOU,29.0,100.7473983765,0.8481356,0.04989033,0.3674418605,169.92,0.0588235294,91.2315444946,9.5158538818,4.6862761353,134,2026,False,0,0,8
00-0039910,Jayden Daniels,QB,WAS,26.0,223.6814219455,2.3911557,0.14065622,0.1136842105,116.18,0.2857142857,210.3753976643,13.3060242812,4.5828950039,135,2026,False,0,0,7
00-0038994,Jordan Addison,WR,MIN,24.0,97.1329498291,0.52585644,0.030932732,0.0050505051,141.1,0.0714285714,89.7821807861,7.350769043,4.3573232269,136,2026,False,0,0,6
00-0039032,Tyjae Spears,RB,TEN,25.0,99.4912872314,0.9396837,0.05527551,0.1935483871,111.7,0.0769230769,91.2315444946,8.2597427368,4.0676786079,137,2026,False,0,0,9
00-0037525,Jordan Mason,RB,MIN,27.0,99.3268585205,1.0373366,0.0610198,0.4015151515,133.9,0.0625,91.2315444946,8.0953140259,3.9867023389,138,2026,False,0,0,6
00-0038611,Chris Rodriguez Jr.,RB,JAX,27.0,99.2771987915,1.0442176,0.061424565,0.2357894737,92.0,0.0,91.2315444946,8.0456542969,3.9622463935,139,2026,False,0,0,7
00-0040691,Jaxson Dart,QB,NYG,23.0,221.2094981794,4.1196065,0.24232979,0.1573705179,249.08,0.5,210.3753976643,10.8341005151,3.7315086815,140,2026,False,0,0,8
COO816508,Omar Cooper Jr.,WR,NYJ,22.0,109.1,1.2,0.069,0.0,,,,6.2,3.6752,141,2026,True,1,30,13
DKBF-187-GERMIE-BERNARD,Germie Bernard,WR,PIT,,95.8947401334,0.8685205807,0.0510894459,0.0096672599,,,89.7821807861,6.1125593473,3.6233483413,142,2026,False,0,0,9
00-0037256,Rachaad White,RB,WAS,27.0,98.2886886597,0.71718335,0.042187255,0.286637931,136.5,0.0588235294,91.2315444946,7.057144165,3.4754344376,143,2026,False,0,0,7
DKBF-166-DENZEL-BOSTON,Denzel Boston,WR,CLE,,95.5512144488,0.8337748192,0.0490455776,0.0148034733,,,89.7821807861,5.7690336627,3.4197162539,144,2026,False,0,0,11
00-0039738,Blake Corum,RB,LA,26.0,97.8178024292,1.1492667,0.06760392,0.3302961276,125.2,0.0588235294,91.2315444946,6.5862579346,3.2435369188,145,2026,False,0,0,11
00-0023459,Aaron Rodgers,QB,PIT,43.0,219.5769396416,4.783821,0.28140125,0.0329113924,234.78,0.1875,210.3753976643,9.2015419773,3.1692186836,146,2026,False,0,0,9
DKBF-149-OMAR-COOPER,Omar Cooper,WR,NYJ,,94.9539467554,0.8371158586,0.0492421093,0.0087398234,,,89.7821807861,5.1717659693,3.0656732445,147,2026,False,0,0,13
DKBF-158-ANTONIO-WILLIAMS,Antonio Williams,WR,WAS,,94.8627945374,0.8287631659,0.0487507745,0.0129265681,,,89.7821807861,5.0806137513,3.0116408468,148,2026,False,0,0,7
00-0039880,Malik Washington,WR,MIA,26.0,94.8486480713,0.68733466,0.04043145,0.0400943396,113.4,0.0,89.7821807861,5.0664672852,3.0032552309,149,2026,False,0,0,6
00-0039146,Jayden Reed,WR,GB,26.0,94.673828125,0.9263657,0.054492097,0.0063965885,48.5,0.0,89.7821807861,4.8916473389,2.8996270244,150,2026,False,0,0,11
00-0037252,Greg Dulcich,TE,MIA,26.0,129.3304443359,1.2960362,0.076237425,0.0023584906,64.8,0.0,125.5790863037,3.7513580322,2.5772787355,151,2026,False,0,0,6
DKBF-167-JONAH-COLEMAN,Jonah Coleman,RB,DEN,,96.0564458166,1.0097694441,0.0593982026,0.2238284008,,,91.2315444946,4.824901322,2.3761209662,152,2026,False,0,0,10
00-0040743,Tyler Shough,QB,NO,27.0,217.0857898368,6.1498423,0.36175543,0.0913348946,171.26,0.3636363636,210.3753976643,6.7103921725,2.3112104797,153,2026,False,0,0,8
00-0035710,Daniel Jones,QB,IND,29.0,216.1733857683,5.146742,0.3027495,0.088372093,244.84,0.4615384615,210.3753976643,5.797988104,1.9969579307,154,2026,False,0,0,13
rookie_2026_33,De'Zhaun Stribling,WR,SF,23.0,105.1,1.2,0.069,0.0,,,,2.2,1.3041,155,2026,True,2,33,8
00-0038935,Brenton Strange,TE,JAX,26.0,126.8010406494,0.99964964,0.05880292,0.0,118.0,0.0,125.5790863037,1.2219543457,0.8395138304,156,2026,False,0,0,7
00-0037157,Bam Knight,RB,ARI,25.0,91.2315444946,0.93290865,0.05487698,0.2286501377,92.5,0.0,91.2315444946,0.0,0.0,157,2026,False,0,0,14
00-0039150,Bryce Young,QB,CAR,25.0,210.3753976643,3.3782227,0.19871898,0.0878378378,242.84,0.1875,210.3753976643,0.0,0.0,158,2026,False,0,0,5
00-0038129,Cade Otton,TE,TB,27.0,125.5790863037,1.1070096,0.065118216,0.0,122.2,0.0666666667,125.5790863037,0.0,0.0,159,2026,False,0,0,10
00-0040735,Luther Burden III,WR,CHI,23.0,89.7821807861,0.7247193,0.042630546,0.0120967742,134.3,0.1333333333,89.7821807861,0.0,0.0,160,2026,False,0,0,10
00-0034975,Justice Hill,RB,BAL,29.0,91.1324462891,0.79278064,0.046634156,0.0367346939,65.2,0.1111111111,91.2315444946,-0.0990982056,-0.0488029305,161,2026,False,0,0,13
00-0033526,Samaje Perine,RB,CIN,31.0,90.9444732666,0.9348178,0.054989282,0.2228116711,81.9,0.0,91.2315444946,-0.287071228,-0.1413740755,162,2026,False,0,0,6
00-0039342,Xavier Legette,WR,CAR,25.0,88.9558334351,0.64567685,0.037980992,0.0022522523,89.3,0.0666666667,89.7821807861,-0.8263473511,-0.489834803,163,2026,False,0,0,5
00-0037197,Isiah Pacheco,RB,DET,27.0,90.1647644043,0.76489955,0.04499409,0.2763466042,87.3,0.0,91.2315444946,-1.0667800903,-0.5253575918,164,2026,False,0,0,6
00-0034184,Gus Edwards,RB,LAC,31.0,89.2446136475,1.0466769,0.06156923,0.2186147186,64.1,0.0909090909,91.2315444946,-1.9869308472,-0.9785045806,165,2026,False,0,0,7
00-0040736,Mason Taylor,TE,NYJ,22.0,124.0656661987,0.8288035,0.048753146,0.0,86.9,0.0,125.5790863037,-1.513420105,-1.0397582478,166,2026,False,0,0,13
00-0040676,Cam Ward,QB,TEN,24.0,207.2804930104,4.539826,0.2670486,0.0887096774,208.66,0.0588235294,210.3753976643,-3.0949046539,-1.0659549972,167,2026,False,0,0,9
00-0031544,Amari Cooper,WR,BUF,32.0,87.8251419067,0.42819285,0.025187815,0.0,122.7,0.0769230769,89.7821807861,-1.9570388794,-1.1600760295,168,2026,False,0,0,7
00-0036924,Michael Carter,RB,TEN,27.0,88.8511352539,0.7212011,0.042423595,0.2534435262,99.0,0.0,91.2315444946,-2.3804092407,-1.1722810329,169,2026,False,0,0,9
00-0038996,Tucker Kraft,TE,GB,26.0,123.8575973511,1.0617893,0.06245819,0.0021321962,123.2,0.25,125.5790863037,-1.7214889526,-1.1827068578,170,2026,False,0,0,11
00-0040202,Devin Neal,RB,NO,23.0,88.5458984375,0.8885598,0.052268226,0.1334894614,60.0,0.0,91.2315444946,-2.6856460571,-1.3226011225,171,2026,False,0,0,8
00-0039405,Jawhar Jordan,RB,HOU,27.0,88.3198547363,0.96950936,0.057029963,0.0949227373,32.7,0.0,91.2315444946,-2.9116897583,-1.4339209489,172,2026,False,0,0,8
00-0039916,Ricky Pearsall,WR,SF,26.0,87.3158950806,0.5959158,0.03505387,0.0043290043,96.6,0.1111111111,89.7821807861,-2.4662857056,-1.4619428152,173,2026,False,0,0,8
DKBF-164-FERNANDO-MENDOZA,Fernando Mendoza,QB,LV,,205.9340904239,4.1540574913,0.244356323,0.0738170673,,,210.3753976643,-4.4413072404,-1.5296864287,174,2026,False,0,0,13
00-0040162,Dylan Sampson,RB,CLE,22.0,87.6087417603,0.7023924,0.0413172,0.1558752998,89.6,0.0,91.2315444946,-3.6228027344,-1.7841230233,175,2026,False,0,0,11
00-0039363,Isaac Guerendo,RB,SF,26.0,87.4938201904,1.0135703,0.05962178,0.185840708,96.2,0.0769230769,91.2315444946,-3.7377243042,-1.840718492,176,2026,False,0,0,8
00-0039373,Audric Estimé,RB,NO,23.0,87.4674072266,0.7837915,0.04610538,0.1077283372,48.1,0.0,91.2315444946,-3.7641372681,-1.8537260942,177,2026,False,0,0,8
00-0039491,Jalen Coker,WR,CAR,25.0,86.2567138672,0.7105154,0.041795023,0.0,90.5,0.0,89.7821807861,-3.5254669189,-2.0897947958,178,2026,False,0,0,5
00-0033555,Mack Hollins,WR,NE,33.0,85.1763305664,0.6384769,0.037557464,0.0021413276,116.4,0.0,89.7821807861,-4.6058502197,-2.7302147605,179,2026,False,0,0,11
00-0037263,Tyler Allgeier,RB,ARI,26.0,85.677947998,0.94794726,0.055761606,0.3075268817,123.0,0.0,91.2315444946,-5.5535964966,-2.7349817526,180,2026,False,0,0,14
00-0034837,Calvin Ridley,WR,TEN,32.0,84.8610229492,0.71228725,0.04189925,0.0,50.3,0.1428571429,89.7821807861,-4.9211578369,-2.9171199939,181,2026,False,0,0,9
00-0035250,Devin Singletary,RB,NYG,29.0,85.2784500122,0.7997781,0.04704577,0.2370517928,106.8,0.0,91.2315444946,-5.9530944824,-2.9317226757,182,2026,False,0,0,8
00-0040130,Jayden Higgins,WR,HOU,24.0,84.8073806763,0.57843417,0.03402554,0.0,129.5,0.0,89.7821807861,-4.9748001099,-2.9489175814,183,2026,False,0,0,8
00-0038797,Emanuel Wilson,RB,SEA,27.0,85.1775817871,0.743905,0.04375912,0.2665245203,95.5,0.0625,91.2315444946,-6.0539627075,-2.9813972884,184,2026,False,0,0,11
DKBF-184-NICK-SINGLETON,Nick Singleton,RB,TEN,,84.6118354314,0.8499333879,0.0499960816,0.1792135758,,,91.2315444946,-6.6197090633,-3.2600106087,185,2026,False,0,0,9
00-0040134,Pat Bryant,WR,DEN,24.0,84.0414886475,0.6018194,0.03540114,0.0,74.8,0.0,89.7821807861,-5.7406921387,-3.4029162184,186,2026,False,0,0,10
00-0039424,Devaughn Vele,WR,NO,29.0,84.0307388306,0.7852716,0.046192445,0.0,66.3,0.1111111111,89.7821807861,-5.7514419556,-3.4092883989,187,2026,False,0,0,8
00-0039410,Ryan Flournoy,WR,DAL,27.0,83.4643249512,0.6630979,0.03900576,0.0089285714,120.0,0.1538461538,89.7821807861,-6.317855835,-3.7450421599,188,2026,False,0,0,14
00-0039065,Sam LaPorta,TE,DET,25.0,119.9757614136,0.9583777,0.05637516,0.0,106.9,0.2222222222,125.5790863037,-5.6033248901,-3.8496272452,189,2026,False,0,0,6
00-0034791,Nick Chubb,RB,HOU,31.0,83.2778320312,0.80816907,0.047539357,0.2693156733,88.3,0.0,91.2315444946,-7.9537124634,-3.9169677642,190,2026,False,0,0,8
00-0038454,Keaton Mitchell,RB,LAC,24.0,82.9075775146,0.8040177,0.04729516,0.1204081633,55.4,0.0,91.2315444946,-8.32396698,-4.0993071451,191,2026,False,0,0,7
00-0038705,Emari Demercado,RB,KC,27.0,82.522026062,0.759589,0.044681706,0.1212121212,60.3,0.0,91.2315444946,-8.7095184326,-4.2891798138,192,2026,False,0,0,5
00-0040719,Bhayshul Tuten,RB,JAX,24.0,82.1589584351,0.76373523,0.0449256,0.1802575107,89.2,0.0,91.2315444946,-9.0725860596,-4.4679798644,193,2026,False,0,0,7
00-0038555,Tank Bigsby,RB,PHI,25.0,81.4230499268,0.9647114,0.05674773,0.1349036403,56.8,0.0,91.2315444946,-9.8084945679,-4.8303930039,194,2026,False,0,0,10
00-0030506,Travis Kelce,TE,KC,37.0,118.120475769,0.9098786,0.05352227,0.0023419204,191.2,0.1176470588,125.5790863037,-7.4586105347,-5.124255846,195,2026,False,0,0,5
00-0037563,Malik Davis,RB,DAL,28.0,80.8180999756,0.9535969,0.056093935,0.1160714286,43.6,0.0,91.2315444946,-10.413444519,-5.1283129336,196,2026,False,0,0,14
00-0039451,Isaiah Williams,WR,NYJ,25.0,81.0841522217,0.6266794,0.036863495,0.0066225166,48.7,0.0,89.7821807861,-8.6980285645,-5.1559396942,197,2026,False,0,0,13
00-0036309,Darnell Mooney,WR,NYG,29.0,81.0561218262,0.69292295,0.040760174,0.0,82.3,0.0,89.7821807861,-8.72605896,-5.1725553017,198,2026,False,0,0,8
00-0035537,Ty Johnson,RB,BUF,29.0,80.385635376,0.47777772,0.028104572,0.0957854406,97.1,0.0,91.2315444946,-10.8459091187,-5.3412889374,199,2026,False,0,0,7
00-0040078,Brashard Smith,RB,KC,23.0,79.9980163574,0.645303,0.037959002,0.1030444965,63.3,0.0,91.2315444946,-11.2335281372,-5.532179821,200,2026,False,0,0,5
00-0040782,Isaiah Bond,WR,CLE,22.0,80.3384552002,0.63548625,0.037381545,0.0119904077,52.6,0.0,89.7821807861,-9.4437255859,-5.5979673151,201,2026,False,0,0,11
00-0035359,David Sills,WR,TB,30.0,79.9493713379,0.552293,0.032487825,0.0,49.1,0.0,89.7821807861,-9.8328094482,-5.8286049723,202,2026,False,0,0,10
DKBF-192-EMMETT-JOHNSON,Emmett Johnson,RB,KC,,78.9134544126,0.7485928192,0.0440348717,0.1509964446,,,91.2315444946,-12.318090082,-6.0662944493,203,2026,False,0,0,5
00-0039798,Isaiah Davis,RB,NYJ,24.0,78.7919311523,0.5972201,0.035130594,0.0949227373,69.2,0.0,91.2315444946,-12.4396133423,-6.126141055,204,2026,False,0,0,13
00-0032464,Kalif Raymond,WR,CHI,32.0,79.0659484863,0.78276443,0.046044968,0.0046511628,60.8,0.0,89.7821807861,-10.7162322998,-6.3522724808,205,2026,False,0,0,10
00-0038951,Sean Tucker,RB,TB,25.0,78.1162185669,0.757733,0.04457253,0.1853448276,94.4,0.0714285714,91.2315444946,-13.1153259277,-6.4589094857,206,2026,False,0,0,10
00-0033925,D'Onta Foreman,RB,CLE,30.0,77.8288574219,0.78429073,0.046134748,0.1815856777,33.6,0.0,91.2315444946,-13.4026870728,-6.6004263367,207,2026,False,0,0,11
00-0039875,Ray Davis,RB,BUF,27.0,77.8231277466,0.8680793,0.05106349,0.1111111111,61.1,0.0769230769,91.2315444946,-13.408416748,-6.6032480321,208,2026,False,0,0,7
00-0030565,Geno Smith,QB,NYJ,36.0,191.161832729,3.360424,0.19767201,0.0964187328,194.5,0.2,210.3753976643,-19.2135649353,-6.6175853048,209,2026,False,0,0,13
DKBF-194-KAYTRON-ALLEN,Kaytron Allen,RB,WAS,,77.7581938962,0.7376205746,0.0433894456,0.1401848379,,,91.2315444946,-13.4733505984,-6.6352260298,210,2026,False,0,0,7
00-0033119,Jacoby Brissett,QB,ARI,34.0,191.0977047105,4.4747524,0.26322073,0.0991735537,253.54,0.6428571429,210.3753976643,-19.2776929538,-6.6396724414,211,2026,False,0,0,14
DKBF-197-TED-HURST,Ted Hurst,WR,TB,,78.5115443494,0.5519446201,0.0324673306,0.0054420927,,,89.7821807861,-11.2706364367,-6.6809072139,212,2026,False,0,0,10
00-0035535,Darius Slayton,WR,NYG,29.0,78.4335174561,0.39882874,0.023460515,0.0,96.8,0.0,89.7821807861,-11.3486633301,-6.727159299,213,2026,False,0,0,8
DKBF-220-KAELON-BLACK,Kaelon Black,RB,SF,,77.3097568897,0.7091888955,0.0417169939,0.1146573937,,,91.2315444946,-13.921787605,-6.8560679708,214,2026,False,0,0,8
00-0033881,Evan Engram,TE,DEN,32.0,115.4805297852,0.8706796,0.05121645,0.0022779043,102.8,0.0,125.5790863037,-10.0985565186,-6.9379661313,215,2026,False,0,0,10
00-0033955,Jeremy McNichols,RB,WAS,31.0,76.6317138672,0.4404881,0.025911065,0.0947368421,72.4,0.0,91.2315444946,-14.5998306274,-7.1899840728,216,2026,False,0,0,7
00-0040198,Ollie Gordon II,RB,MIA,22.0,76.5945205688,0.7371281,0.043360475,0.1650943396,54.1,0.0,91.2315444946,-14.6370239258,-7.2083006704,217,2026,False,0,0,6
DKBF-204-MIKE-WASHINGTON,Mike Washington,RB,LV,,76.5580640273,0.7298604992,0.0429329705,0.1216845728,,,91.2315444946,-14.6734804673,-7.2262544371,218,2026,False,0,0,13
DKBF-227-JORDAN-JAMES,Jordan James,RB,SF,,75.5221770043,0.6831676977,0.0401863352,0.1214049805,,,91.2315444946,-15.7093674903,-7.7363981084,219,2026,False,0,0,8
00-0026158,Joe Flacco,QB,CIN,41.0,187.8619103664,3.2482934,0.19107608,0.0318302387,166.36,0.2307692308,210.3753976643,-22.513487298,-7.754153027,220,2026,False,0,0,6
DKBF-234-DEMOND-CLAIBORNE,Demond Claiborne,RB,MIN,,75.2790995014,0.6812171456,0.0400715968,0.1199765486,,,91.2315444946,-15.9524449932,-7.8561065775,221,2026,False,0,0,6
DKBF-199-ZACHARIAH-BRANCH,Zachariah Branch,WR,ATL,,76.4958206043,0.5201162958,0.0305950762,0.0048979417,,,89.7821807861,-13.2863601819,-7.8757699341,222,2026,False,0,0,11
00-0036212,Tua Tagovailoa,QB,ATL,28.0,186.9867048865,2.0887184,0.12286579,0.0377358491,179.0,0.2142857143,210.3753976643,-23.3886927778,-8.0555935427,223,2026,False,0,0,11
DKBF-250-JAYDN-OTT,Jaydn Ott,RB,KC,,74.7613084731,0.678050985,0.0398853521,0.1178216937,,,91.2315444946,-16.4702360215,-8.1111033197,224,2026,False,0,0,5
00-0035973,Patrick Taylor,RB,SF,28.0,74.7106628418,0.70256144,0.041327145,0.0862831858,32.8,0.0,91.2315444946,-16.5208816528,-8.1360447928,225,2026,False,0,0,8
00-0039874,Jaylen Wright,RB,MIA,23.0,74.3469467163,0.70020527,0.041188546,0.1650943396,53.2,0.0,91.2315444946,-16.8845977783,-8.3151642097,226,2026,False,0,0,6
00-0034383,Dalton Schultz,TE,HOU,30.0,113.3480224609,0.9163574,0.053903375,0.0,177.7,0.0588235294,125.5790863037,-12.2310638428,-8.4030531032,227,2026,False,0,0,8
00-0039325,Carson Steele,RB,PHI,24.0,73.824432373,0.6577326,0.038690154,0.1247216036,25.9,0.0,91.2315444946,-17.4071121216,-8.5724870446,228,2026,False,0,0,10
00-0038551,Kendre Miller,RB,NO,24.0,73.520111084,0.7692197,0.045248218,0.1100702576,33.3,0.0,91.2315444946,-17.7114334106,-8.7223562641,229,2026,False,0,0,8
00-0031280,Derek Carr,QB,NO,35.0,184.7774362222,3.0227957,0.1778115,0.0383747178,153.9,0.3,210.3753976643,-25.5979614422,-8.8165155214,230,2026,False,0,0,8
00-0037746,Brian Robinson,RB,ATL,27.0,73.3165893555,0.6811755,0.040069144,0.1991341991,62.5,0.0,91.2315444946,-17.9149551392,-8.8225846862,231,2026,False,0,0,11
00-0038647,Ronnie Bell,WR,NO,26.0,74.5993499756,0.8090545,0.04759144,0.0,10.3,0.0,89.7821807861,-15.1828308105,-8.9999428568,232,2026,False,0,0,8
00-0040586,Jaydon Blue,RB,DAL,22.0,72.7593383789,0.6505173,0.038265724,0.0848214286,20.4,0.0,91.2315444946,-18.4722061157,-9.0970142839,233,2026,False,0,0,14
00-0038618,Xavier Hutchinson,WR,HOU,26.0,73.5507583618,0.33067405,0.019451415,0.0066225166,98.0,0.0,89.7821807861,-16.2314224243,-9.6215176291,234,2026,False,0,0,8
00-0035500,Greg Dortch,WR,DET,28.0,73.513168335,0.5281831,0.031069594,0.0192837466,75.1,0.0,89.7821807861,-16.2690124512,-9.6437999095,235,2026,False,0,0,6
00-0039901,Keon Coleman,WR,BUF,23.0,73.4580688477,0.27207494,0.016004408,0.0,106.5,0.0833333333,89.7821807861,-16.3241119385,-9.6764612915,236,2026,False,0,0,7
00-0033307,Kendrick Bourne,WR,ARI,31.0,73.4298782349,0.5093945,0.029964384,0.0,98.1,0.1428571429,89.7821807861,-16.3523025513,-9.6931718712,237,2026,False,0,0,14
00-0040669,Isaac TeSlaa,WR,DET,24.0,73.0440216064,0.51450294,0.030264879,0.0,75.9,0.0,89.7821807861,-16.7381591797,-9.9218965175,238,2026,False,0,0,6
00-0037545,Rashid Shaheed,WR,SEA,28.0,73.0294876099,0.22386956,0.013168798,0.0182555781,149.6,0.0555555556,89.7821807861,-16.7526931763,-9.9305118502,239,2026,False,0,0,11
DKBF-203-BRANDON-AIYUK,Brandon Aiyuk,WR,SF,,72.6669272284,0.461912532,0.0271713254,0.0045371878,,,89.7821807861,-17.1152535577,-10.1454271552,240,2026,False,0,0,8
00-0036755,Jaret Patterson,RB,LAC,27.0,70.5756988525,0.6321801,0.037187066,0.0907079646,25.7,0.0,91.2315444946,-20.6558456421,-10.1723920616,241,2026,False,0,0,7
00-0038608,Kayshon Boutte,WR,NE,24.0,72.5991668701,0.42310286,0.024888404,0.0,127.1,0.0714285714,89.7821807861,-17.183013916,-10.1855935353,242,2026,False,0,0,11
00-0033948,Jamaal Williams,RB,NO,31.0,70.3431777954,0.7270685,0.042768735,0.1083521445,37.1,0.0,91.2315444946,-20.8883666992,-10.286901794,243,2026,False,0,0,8
00-0038041,Jake Ferguson,TE,DAL,27.0,110.5776367188,1.2479794,0.073410556,0.0022321429,190.1,0.1764705882,125.5790863037,-15.001449585,-10.3063788325,244,2026,False,0,0,14
00-0038393,Dontayvion Wicks,WR,PHI,25.0,72.1229553223,0.44071603,0.025924472,0.0021321962,75.8,0.0769230769,89.7821807861,-17.6592254639,-10.4678779638,245,2026,False,0,0,10
00-0040581,Dont'e Thornton Jr.,WR,LV,24.0,72.0666046143,0.55368656,0.032569796,0.0,23.5,0.0,89.7821807861,-17.7155761719,-10.5012810333,246,2026,False,0,0,13
DKBF-206-CHRIS-BELL,Chris Bell,WR,MIA,,71.8780223217,0.4490853986,0.0264167882,0.0044576499,,,89.7821807861,-17.9041584645,-10.6130671605,247,2026,False,0,0,6
00-0040021,Phil Mafah,RB,DAL,24.0,69.6074981689,0.7306624,0.042980142,0.0111607143,10.9,0.0,91.2315444946,-21.6240463257,-10.6492022159,248,2026,False,0,0,14
00-0032211,Tyler Lockett,WR,LV,34.0,70.580291748,0.43247318,0.0254396,0.0,67.1,0.0,89.7821807861,-19.2018890381,-11.3823243005,249,2026,False,0,0,13
00-0032268,Marcus Mariota,QB,WAS,33.0,177.183929487,2.2808275,0.13416633,0.0926315789,137.1,0.2,210.3753976643,-33.1914681773,-11.4318905833,250,2026,False,0,0,7
00-0040556,Corey Kiner,RB,ARI,24.0,68.0147094727,0.61411047,0.036124144,0.0330578512,9.3,0.0,91.2315444946,-23.216835022,-11.4336034635,251,2026,False,0,0,14
00-0040667,Matthew Golden,WR,GB,23.0,70.4370117188,0.23160124,0.013623603,0.0213219616,70.0,0.0,89.7821807861,-19.3451690674,-11.4672565567,252,2026,False,0,0,11
00-0038619,Andrei Iosivas,WR,CIN,27.0,70.4338150024,0.3213781,0.018904595,0.0079575597,89.9,0.0,89.7821807861,-19.3483657837,-11.4691514776,253,2026,False,0,0,6
DKBF-213-MALACHI-FIELDS,Malachi Fields,WR,NYG,,70.288100606,0.4242267145,0.0249545126,0.0040401058,,,89.7821807861,-19.4940801801,-11.5555267562,254,2026,False,0,0,8
00-0038839,Mitchell Tinsley,WR,CIN,27.0,70.066696167,0.32245636,0.018968021,0.0,31.6,0.0,89.7821807861,-19.7154846191,-11.6867689023,255,2026,False,0,0,6
00-0035208,Olamide Zaccheaus,WR,ATL,29.0,70.0528945923,0.3295684,0.019386375,0.0080645161,84.8,0.0,89.7821807861,-19.7292861938,-11.6949500765,256,2026,False,0,0,11
00-0039394,Casey Washington,WR,ATL,25.0,70.0272445679,0.7349234,0.04323079,0.0,15.4,0.0,89.7821807861,-19.7549362183,-11.7101546689,257,2026,False,0,0,11
00-0035406,Lil'Jordan Humphrey,WR,DEN,28.0,69.9323196411,0.27703738,0.016296316,0.0,34.6,0.0,89.7821807861,-19.849861145,-11.7664234193,258,2026,False,0,0,10
00-0036550,Rashod Bateman,WR,BAL,27.0,69.7877197266,0.14298034,0.008410608,0.0,53.4,0.0,89.7821807861,-19.9944610596,-11.8521380653,259,2026,False,0,0,13
00-0038636,Kenny McIntosh,RB,SEA,26.0,67.0407180786,0.65081716,0.038283363,0.0811518325,22.4,0.0,91.2315444946,-24.190826416,-11.9132653711,260,2026,False,0,0,11
00-0032398,Chris Moore,WR,WAS,33.0,69.540145874,0.3890872,0.022887483,0.0021052632,38.6,0.0,89.7821807861,-20.2420349121,-11.9988926826,261,2026,False,0,0,7
00-0040466,Raheim Sanders,RB,CLE,24.0,66.1532821655,0.5615076,0.033029858,0.0647482014,20.3,0.0,91.2315444946,-25.0782623291,-12.3503012685,262,2026,False,0,0,11
00-0037329,Brittain Brown,RB,CHI,29.0,66.0874557495,0.65079147,0.03828185,0.0100806452,9.7,0.0,91.2315444946,-25.1440887451,-12.3827188284,263,2026,False,0,0,10
00-0040648,Tory Horton,WR,SEA,24.0,68.767868042,0.3133762,0.018433893,0.0,59.1,0.1428571429,89.7821807861,-21.0143127441,-12.456676639,264,2026,False,0,0,11
00-0039739,Roman Wilson,WR,PIT,25.0,68.6681518555,0.113589406,0.0066817296,0.0,40.6,0.0,89.7821807861,-21.1140289307,-12.5157855096,265,2026,False,0,0,9
00-0040126,Colston Loveland,TE,CHI,22.0,107.3054733276,0.57641315,0.033906657,0.002016129,172.0,0.1875,125.5790863037,-18.2736129761,-12.5544386163,266,2026,False,0,0,10
00-0040277,Jahdae Walker,WR,CHI,24.0,68.5658874512,0.19808686,0.011652168,0.0,26.7,0.0,89.7821807861,-21.216293335,-12.5764048899,267,2026,False,0,0,10
00-0039907,Ja'Lynn Polk,WR,NO,25.0,68.4268798828,0.2710364,0.015943317,0.0022522523,32.7,0.0,89.7821807861,-21.3553009033,-12.6588045548,268,2026,False,0,0,8
00-0034775,Christian Kirk,WR,SF,30.0,68.193145752,0.36138153,0.021257738,0.0,57.9,0.0,89.7821807861,-21.5890350342,-12.7973553855,269,2026,False,0,0,8
00-0039386,Bub Means,WR,NO,25.0,68.11769104,0.32697487,0.019233815,0.0,26.8,0.0,89.7821807861,-21.6644897461,-12.8420827558,270,2026,False,0,0,8
00-0036972,Mac Jones,QB,SF,28.0,172.1704353051,3.8183775,0.22461045,0.0476190476,148.44,0.3333333333,210.3753976643,-38.2049623592,-13.1586511057,271,2026,False,0,0,8
00-0036427,Tyler Johnson,WR,DAL,28.0,67.4819030762,0.375728,0.022101648,0.0,37.7,0.0,89.7821807861,-22.30027771,-13.2189594671,272,2026,False,0,0,14
DKBF-224-CHRIS-BRAZZELL,Chris Brazzell,WR,CAR,,67.3728798308,0.3899329082,0.0229372299,0.0045896304,,,89.7821807861,-22.4093009553,-13.2835852928,273,2026,False,0,0,5
00-0037085,Tyler Badie,RB,DEN,27.0,64.2349090576,0.42489946,0.024994086,0.0182232346,35.4,0.0,91.2315444946,-26.996635437,-13.2950431935,274,2026,False,0,0,10
00-0035228,Kyler Murray,QB,MIN,29.0,171.6559409607,3.2914982,0.19361754,0.0771349862,82.98,0.0,210.3753976643,-38.7194567036,-13.3358545671,275,2026,False,0,0,6
00-0040067,Jacardia Wright,RB,SEA,26.0,64.0175018311,0.5120802,0.030122364,0.0101419878,2.0,0.0,91.2315444946,-27.2140426636,-13.4021098121,276,2026,False,0,0,11
00-0037745,Velus Jones Jr.,RB,SEA,29.0,63.7285728455,0.5120802,0.030122364,0.0081135903,3.2,0.0,91.2315444946,-27.5029716492,-13.5443987781,277,2026,False,0,0,11
00-0037267,Jerome Ford,RB,WAS,27.0,63.6491584778,0.27151263,0.01597133,0.0575539568,43.6,0.0,91.2315444946,-27.5823860168,-13.5835080016,278,2026,False,0,0,7
00-0037300,Mike Woods,WR,DEN,26.0,66.7082290649,0.32177067,0.018927686,0.0,13.5,0.0,89.7821807861,-23.0739517212,-13.6775710381,279,2026,False,0,0,10
00-0032385,Sterling Shepard,WR,TB,33.0,66.6522979736,0.31636894,0.018609937,0.0086206897,84.0,0.0,89.7821807861,-23.1298828125,-13.7107253709,280,2026,False,0,0,10
00-0029604,Kirk Cousins,QB,LV,38.0,170.5368595557,2.5554383,0.1503199,0.0172043011,114.54,0.2,210.3753976643,-39.8385381087,-13.7212914543,281,2026,False,0,0,13
DKBF-232-ELIJAH-SARRATT,Elijah Sarratt,WR,BAL,,66.5873691955,0.372802108,0.0219295358,0.004898043,,,89.7821807861,-23.1948115907,-13.7492132722,282,2026,False,0,0,13
00-0038794,Jaleel McLaughlin,RB,DEN,26.0,63.0945777893,0.560621,0.032977708,0.0842824601,31.4,0.0,91.2315444946,-28.1369667053,-13.8566225615,283,2026,False,0,0,10
00-0035544,Tom Kennedy,WR,DET,30.0,66.3638534546,0.43205488,0.025414992,0.0,7.6,0.0,89.7821807861,-23.4183273315,-13.881706937,284,2026,False,0,0,6
00-0040522,Xavier Restrepo,WR,TEN,24.0,66.3374786377,0.22158265,0.013034274,0.0,7.1,0.0,89.7821807861,-23.4447021484,-13.8973411654,285,2026,False,0,0,9
DKBF-248-ELI-HEIDENREICH,Eli Heidenreich,WR,PIT,,65.9046877531,0.3608500323,0.0212264725,0.0050654595,,,89.7821807861,-23.8774930331,-14.1538870809,286,2026,False,0,0,9
00-0037837,Calvin Austin III,WR,NYG,27.0,65.7884979248,0.31410456,0.01847674,0.0,86.2,0.0,89.7821807861,-23.9936828613,-14.2227610497,287,2026,False,0,0,8
00-0036849,Tutu Atwell,WR,MIA,27.0,65.5281219482,0.43104982,0.025355872,0.0,31.2,0.0,89.7821807861,-24.2540588379,-14.3771043958,288,2026,False,0,0,6
00-0040727,Tre Harris,WR,LAC,24.0,65.4637374878,0.3693154,0.021724435,0.0044247788,69.4,0.0,89.7821807861,-24.3184432983,-14.4152696412,289,2026,False,0,0,7
00-0037801,KaVontae Turpin,WR,DAL,30.0,65.2669906616,0.3063078,0.018018106,0.0379464286,86.5,0.0,89.7821807861,-24.5151901245,-14.5318954678,290,2026,False,0,0,14
00-0035298,Scott Miller,WR,CHI,29.0,65.1182174683,0.44802892,0.026354643,0.0,15.2,0.0,89.7821807861,-24.6639633179,-14.6200839127,291,2026,False,0,0,10
00-0038738,Hunter Luepke,RB,DAL,26.0,61.227355957,0.48238719,0.028375717,0.0357142857,37.0,0.0,91.2315444946,-30.0041885376,-14.7761739986,292,2026,False,0,0,14
00-0039266,Kendall Milton,RB,CIN,24.0,61.2241821289,0.59564763,0.035038095,0.0053050398,0.2,0.0,91.2315444946,-30.0073623657,-14.7777370149,293,2026,False,0,0,6
00-0036945,Justin Fields,QB,KC,27.0,167.3383070091,2.0104122,0.11825954,0.1523178808,128.08,0.3333333333,210.3753976643,-43.0370906553,-14.8229451245,294,2026,False,0,0,5
00-0033009,Tyler Boyd,WR,TEN,32.0,64.6929626465,0.3333751,0.0196103,0.0022222222,78.3,0.0,89.7821807861,-25.0892181396,-14.8721626682,295,2026,False,0,0,9
00-0037741,Jahan Dotson,WR,ATL,26.0,64.3707733154,0.13428092,0.007898877,0.0,50.2,0.0,89.7821807861,-25.4114074707,-15.0631471825,296,2026,False,0,0,11
00-0037291,Jalen Nailor,WR,LV,27.0,64.3346099854,0.35772765,0.021042803,0.0050505051,101.7,0.0588235294,89.7821807861,-25.4475708008,-15.0845837584,297,2026,False,0,0,13
00-0036165,Isaiah Hodgins,WR,NYG,28.0,63.8958740234,0.19802892,0.01164876,0.0,27.5,0.0,89.7821807861,-25.8863067627,-15.3446537437,298,2026,False,0,0,8
DKBF-151-KENYON-SADIQ,Kenyon Sadiq,TE,NYJ,,103.1720017683,0.8014598304,0.0471446959,0.0014922458,,,125.5790863037,-22.4070845354,-15.3942390997,299,2026,False,0,0,13
00-0039792,Devontez Walker,WR,BAL,25.0,63.7711029053,0.24016535,0.014127374,0.0,37.6,0.0,89.7821807861,-26.0110778809,-15.4186144529,300,2026,False,0,0,13
00-0037614,John Metchie III,WR,CAR,26.0,63.6308021545,0.0,0.0,0.0066225166,71.9,0.0,89.7821807861,-26.1513786316,-15.5017806789,301,2026,False,0,0,5
00-0039603,British Brooks,RB,HOU,27.0,59.6280593872,0.49907756,0.029357504,0.0375275938,7.8,0.0,91.2315444946,-31.6034851074,-15.563780181,302,2026,False,0,0,8
00-0035662,Marquise Brown,WR,PHI,29.0,63.4703330994,0.23382676,0.013754515,0.0,137.7,0.0625,89.7821807861,-26.3118476868,-15.5969020924,303,2026,False,0,0,10
00-0040311,Theo Wease Jr.,WR,MIA,25.0,63.3179931641,0.17768383,0.01045199,0.0,25.9,0.0,89.7821807861,-26.4641876221,-15.6872047988,304,2026,False,0,0,6
00-0038098,Pierre Strong,RB,GB,28.0,58.8844261169,0.399292,0.023487763,0.0664961637,35.2,0.0,91.2315444946,-32.3471183777,-15.929997537,305,2026,False,0,0,11
00-0040259,Gage Larvadain,WR,CLE,23.0,62.7790222168,0.20681632,0.012165666,0.0023980815,14.4,0.0,89.7821807861,-27.0031585693,-16.0066911836,306,2026,False,0,0,11
00-0037276,Ty Chandler,RB,NO,28.0,58.1395454407,0.55989987,0.032935288,0.0429292929,8.8,0.0,91.2315444946,-33.091999054,-16.2968292034,307,2026,False,0,0,8
00-0030035,Adam Thielen,WR,PIT,36.0,62.2743835449,0.16302872,0.0095899245,0.0,37.6,0.0,89.7821807861,-27.5077972412,-16.3058263888,308,2026,False,0,0,9
00-0030431,Robert Woods,WR,HOU,34.0,62.087272644,0.67644125,0.03979066,0.0,39.3,0.0,89.7821807861,-27.6949081421,-16.4167403176,309,2026,False,0,0,8
00-0039299,George Holani,RB,SEA,27.0,57.8686523438,0.6230193,0.03664819,0.0446247465,16.8,0.0,91.2315444946,-33.3628921509,-16.4302360286,310,2026,False,0,0,11
00-0039884,Tahj Washington,WR,MIA,25.0,62.0162162781,0.25605762,0.015062213,0.0,6.7,0.0,89.7821807861,-27.7659645081,-16.4588604757,311,2026,False,0,0,6
00-0040179,DJ Giddens,RB,IND,23.0,57.43126297,0.54323226,0.03195484,0.0604651163,9.6,0.0,91.2315444946,-33.8002815247,-16.6456373377,312,2026,False,0,0,13
00-0038953,Dylan Drummond,WR,ATL,26.0,61.6379089355,0.26716256,0.015715444,0.0,11.2,0.0,89.7821807861,-28.1442718506,-16.6831101237,313,2026,False,0,0,11
00-0037231,Kevin Austin Jr.,WR,NO,26.0,61.5478591919,0.24393666,0.014349215,0.0,33.0,0.0,89.7821807861,-28.2343215942,-16.7364890065,314,2026,False,0,0,8
00-0036182,Nick Westbrook-Ikhine,WR,IND,29.0,61.51537323,0.33598602,0.019763883,0.0,19.9,0.0,89.7821807861,-28.2668075562,-16.7557457449,315,2026,False,0,0,13
00-0040208,Tahj Brooks,RB,CIN,24.0,56.9471054077,0.5699369,0.033525698,0.0424403183,6.4,0.0,91.2315444946,-34.2844390869,-16.8840705943,316,2026,False,0,0,6
00-0040429,Josh Williams,RB,TB,26.0,56.8349151611,0.4040513,0.023767725,0.0086206897,1.1,0.0,91.2315444946,-34.3966293335,-16.9393209672,317,2026,False,0,0,10
00-0038440,Zavier Scott,RB,MIN,27.0,56.4976615906,0.3473252,0.020430895,0.0808080808,41.2,0.0,91.2315444946,-34.7338829041,-17.1054083597,318,2026,False,0,0,6
00-0031236,Brandin Cooks,WR,BUF,33.0,60.6150970459,0.20256293,0.011915467,0.0,54.9,0.0,89.7821807861,-29.1670837402,-17.2894034213,319,2026,False,0,0,7
00-0036297,Darrynton Evans,RB,CHI,28.0,56.085811615,0.3844751,0.022616183,0.0071258907,0.3,0.0,91.2315444946,-35.1457328796,-17.3082322719,320,2026,False,0,0,10
00-0040039,Amar Johnson,RB,LAC,23.0,55.9816093445,0.45356214,0.026680127,0.0044247788,0.8,0.0,91.2315444946,-35.2499351501,-17.3595488032,321,2026,False,0,0,7
00-0039794,Braelon Allen,RB,NYJ,22.0,55.4826164246,0.4882828,0.028722517,0.0419426049,16.4,0.0,91.2315444946,-35.7489280701,-17.6052880339,322,2026,False,0,0,13
00-0031687,Raheem Mostert,RB,LV,34.0,55.225276947,0.31072056,0.01827768,0.0606060606,29.4,0.0,91.2315444946,-36.0062675476,-17.732020103,323,2026,False,0,0,13
00-0036415,Van Jefferson,WR,WAS,30.0,59.7856903076,0.1697346,0.009984388,0.0,70.0,0.0,89.7821807861,-29.9964904785,-17.7810517406,324,2026,False,0,0,7
00-0039917,Michael Penix Jr.,QB,ATL,26.0,158.6551243515,2.8759089,0.16917111,0.0301075269,128.98,0.3333333333,210.3753976643,-51.7202733128,-17.813629162,325,2026,False,0,0,11
00-0037617,Hassan Haskins,RB,LAC,27.0,54.9422340393,0.5217605,0.030691795,0.0376106195,10.0,0.0,91.2315444946,-36.2893104553,-17.8714103501,326,2026,False,0,0,7
00-0039355,Luke McCaffrey,WR,WAS,25.0,59.5353851318,0.12350285,0.0072648735,0.0,49.3,0.0,89.7821807861,-30.2467956543,-17.9294254073,327,2026,False,0,0,7
DOU210628,Caleb Douglas,WR,MIA,22.0,72.6,1.1,0.064,0.0,,,,-30.3,-17.961,328,2026,True,3,75,6
00-0037132,Britain Covey,WR,PHI,29.0,59.3164405823,0.25956643,0.015268614,0.0,4.0,0.0,89.7821807861,-30.4657402039,-18.0592094021,329,2026,False,0,0,10
00-0040388,Jakobie Keeney-James,WR,GB,26.0,59.2864990234,0.18501246,0.010883085,0.0,3.5,0.0,89.7821807861,-30.4956817627,-18.076957892,330,2026,False,0,0,11
00-0038359,Xavier Smith,WR,LA,29.0,59.1505661011,0.48868728,0.02874631,0.0,48.3,0.0,89.7821807861,-30.6316146851,-18.1575349957,331,2026,False,0,0,11
00-0035628,D'Ernest Johnson,RB,NE,30.0,54.3104934692,0.33324635,0.019602727,0.0299785867,2.5,0.0,91.2315444946,-36.9210510254,-18.1825238659,332,2026,False,0,0,11
00-0037557,Ronnie Rivers,RB,LA,27.0,54.2976913452,0.4581902,0.026952365,0.020501139,4.6,0.0,91.2315444946,-36.9338531494,-18.1888285328,333,2026,False,0,0,11
00-0039811,MarShawn Lloyd,RB,GB,25.0,54.2249069214,0.5218687,0.03069816,0.0114068441,2.8,0.0,91.2315444946,-37.0066375732,-18.2246727053,334,2026,False,0,0,11
00-0038685,Chris Brooks,RB,GB,26.0,53.9084663391,0.34147453,0.020086737,0.0575692964,32.7,0.0,91.2315444946,-37.3230781555,-18.3805103177,335,2026,False,0,0,11
00-0040138,Jaylin Noel,WR,HOU,24.0,58.7722740173,0.24035418,0.014138482,0.0132450331,68.4,0.0,89.7821807861,-31.0099067688,-18.3817755988,336,2026,False,0,0,8
00-0036414,Cam Akers,RB,SEA,27.0,53.7319564819,0.45116532,0.026539136,0.0126262626,7.18,0.0,91.2315444946,-37.4995880127,-18.4674361934,337,2026,False,0,0,11
00-0039757,Terrell Jennings,RB,NE,25.0,53.0392608643,0.5493067,0.03231216,0.0492505353,15.2,0.0,91.2315444946,-38.1922836304,-18.8085682644,338,2026,False,0,0,11
00-0039703,Cody Schrader,RB,DEN,27.0,53.0176582336,0.45110703,0.026535707,0.0022222222,1.9,0.0,91.2315444946,-38.213886261,-18.81920692,339,2026,False,0,0,10
00-0039855,Jalen McMillan,WR,TB,25.0,57.9050178528,0.22846067,0.013438863,0.0021551724,32.9,0.25,89.7821807861,-31.8771629333,-18.8958599629,340,2026,False,0,0,10
00-0039796,Rasheen Ali,RB,BAL,25.0,52.7304191589,0.41098595,0.024175644,0.0142857143,24.2,0.0,91.2315444946,-38.5011253357,-18.960663655,341,2026,False,0,0,13
00-0032128,Chris Conley,WR,SF,34.0,57.7956848145,0.20223737,0.011896316,0.0,13.6,0.0,89.7821807861,-31.9864959717,-18.960669425,342,2026,False,0,0,8
00-0039747,Ainias Smith,WR,CAR,25.0,57.7587203979,0.23140967,0.013612334,0.0032206119,17.7,0.0,89.7821807861,-32.0234603882,-18.9825808617,343,2026,False,0,0,5
00-0040646,Jalen Royals,WR,KC,23.0,57.310092926,0.26062942,0.015331142,0.0,2.4,0.0,89.7821807861,-32.4720878601,-19.248514248,344,2026,False,0,0,5
00-0037742,Treylon Burks,WR,WAS,26.0,57.0686302185,0.10028374,0.0058990438,0.0,29.0,0.0,89.7821807861,-32.7135505676,-19.3916463554,345,2026,False,0,0,7
00-0032104,Ameer Abdullah,RB,JAX,33.0,51.831653595,0.40386903,0.023757001,0.0325581395,37.9,0.0,91.2315444946,-39.3998908997,-19.4032790699,346,2026,False,0,0,7
00-0034272,Marquez Valdes-Scantling,WR,DAL,32.0,56.5497894287,0.35592365,0.020936685,0.0,32.0,0.0,89.7821807861,-33.2323913574,-19.6992001652,347,2026,False,0,0,14
00-0037258,Dameon Pierce,RB,PHI,26.0,51.2124862671,0.5329844,0.03135202,0.0327868852,3.6,0.0,91.2315444946,-40.0190582275,-19.7082006364,348,2026,False,0,0,10
00-0036842,Kene Nwangwu,RB,NYJ,28.0,50.8595504761,0.48458052,0.028504737,0.0286975717,4.9,0.0,91.2315444946,-40.3719940186,-19.8820110579,349,2026,False,0,0,13
00-0038678,Jordan Mims,RB,SF,27.0,50.590057373,0.39260423,0.023094367,0.0451467269,26.1,0.0,91.2315444946,-40.6414871216,-20.0147284276,350,2026,False,0,0,8
00-0040238,LeQuint Allen Jr.,RB,JAX,22.0,50.3469085693,0.39705324,0.023356073,0.0493562232,24.8,0.0,91.2315444946,-40.8846359253,-20.1344720103,351,2026,False,0,0,7
00-0036906,Khalil Herbert,RB,NYJ,28.0,50.3231430054,0.53195035,0.031291198,0.0353200883,6.6,0.0,91.2315444946,-40.9084014893,-20.1461758465,352,2026,False,0,0,13
00-0033854,Dare Ogunbowale,RB,HOU,32.0,50.1217193604,0.3714422,0.021849541,0.0242825607,26.1,0.0,91.2315444946,-41.1098251343,-20.2453710246,353,2026,False,0,0,8
00-0038979,Cedric Tillman,WR,CLE,26.0,55.5460968018,0.11884022,0.006990601,0.0,60.0,0.0,89.7821807861,-34.2360839844,-20.2941601171,354,2026,False,0,0,11
00-0035291,Trayveon Williams,RB,CLE,29.0,49.7161254883,0.41440046,0.024376497,0.0239808153,17.1,0.0,91.2315444946,-41.5154190063,-20.4451139911,355,2026,False,0,0,11
00-0039021,Roschon Johnson,RB,CHI,25.0,49.7080535889,0.365659,0.021509353,0.0040322581,1.7,0.0,91.2315444946,-41.5234909058,-20.4490891625,356,2026,False,0,0,10
00-0040142,Kaleb Johnson,RB,PIT,23.0,49.614906311,0.2829497,0.0166441,0.0708860759,8.8,0.0,91.2315444946,-41.6166381836,-20.4949614374,357,2026,False,0,0,9
00-0038640,Jalen Brooks,WR,ARI,26.0,55.1157569885,0.31598675,0.018587455,0.0,8.1,0.0,89.7821807861,-34.6664237976,-20.5492531084,358,2026,False,0,0,14
00-0038397,Evan Hull,RB,HOU,26.0,49.4863204956,0.45309687,0.026652757,0.0444964871,6.4,0.0,91.2315444946,-41.745223999,-20.5582861422,359,2026,False,0,0,8
00-0036425,DeeJay Dallas,RB,JAX,28.0,49.3835144043,0.4172064,0.024541553,0.0064377682,2.1,0.0,91.2315444946,-41.8480300903,-20.6089150966,360,2026,False,0,0,7
00-0032775,Demarcus Robinson,WR,SF,32.0,54.8478965759,0.03555417,0.0020914217,0.0021645022,56.2,0.0,89.7821807861,-34.9342842102,-20.7080330116,361,2026,False,0,0,8
00-0036265,AJ Dillon,RB,CAR,28.0,48.9956970215,0.30105865,0.017709332,0.0256959315,11.1,0.0,91.2315444946,-42.2358474731,-20.7999036688,362,2026,False,0,0,5
WAS797326,Mike Washington Jr.,RB,LV,23.0,55.7,1.2,0.07,0.0,,,,-42.6,-20.9792,363,2026,True,4,122,13
00-0038396,Eric Gray,RB,NYG,27.0,48.36378479,0.4805485,0.028267559,0.0329411765,20.3,0.0,91.2315444946,-42.8677597046,-21.1111017227,364,2026,False,0,0,8
00-0040547,Nate Carter,RB,ATL,24.0,48.3445281982,0.40733445,0.02396085,0.0193548387,6.0,0.0,91.2315444946,-42.8870162964,-21.1205850237,365,2026,False,0,0,11
00-0036646,Simi Fehoko,WR,ARI,29.0,54.0469055176,0.26978517,0.015869716,0.0,16.6,0.0,89.7821807861,-35.7352752686,-21.1828373379,366,2026,False,0,0,14
00-0036387,Jalen Reagor,WR,MIA,27.0,53.9674568176,0.12278521,0.0072226594,0.0064935065,15.7,0.0,89.7821807861,-35.8147239685,-21.2299322287,367,2026,False,0,0,6
00-0040237,Tez Johnson,WR,TB,24.0,53.922832489,0.2748531,0.01616783,0.0150862069,92.4,0.0666666667,89.7821807861,-35.8593482971,-21.2563842397,368,2026,False,0,0,10
00-0039344,Jonathon Brooks,RB,CAR,23.0,47.9521484375,0.3490777,0.020533983,0.0220588235,7.5,0.0,91.2315444946,-43.2793960571,-21.3138204319,369,2026,False,0,0,5
00-0040644,Trevor Etienne,RB,CAR,22.0,47.9091033936,0.32626796,0.019192234,0.045045045,13.7,0.0,91.2315444946,-43.3224411011,-21.3350188408,370,2026,False,0,0,5
00-0038040,Zamir White,RB,LV,27.0,47.6970901489,0.217852,0.012814824,0.0330578512,9.6,0.0,91.2315444946,-43.5344543457,-21.4394290831,371,2026,False,0,0,13
00-0030578,Cordarrelle Patterson,RB,PIT,35.0,47.672454834,0.25612152,0.015065972,0.0600375235,38.5,0.0,91.2315444946,-43.5590896606,-21.4515612459,372,2026,False,0,0,9
00-0036626,Dyami Brown,WR,WAS,27.0,53.4440040588,0.0,0.0,0.0128755365,51.7,0.0,89.7821807861,-36.3381767273,-21.5402198804,373,2026,False,0,0,7
00-0039746,Will Shipley,RB,PHI,24.0,47.3203582764,0.37727535,0.022192668,0.0299785867,19.5,0.0,91.2315444946,-43.9111862183,-21.6249583698,374,2026,False,0,0,10
00-0035021,Ashton Dulin,WR,IND,29.0,53.2369155884,0.24564302,0.014449589,0.0069767442,20.0,0.0,89.7821807861,-36.5452651978,-21.6629759345,375,2026,False,0,0,13
00-0034208,Mike Boone,RB,CAR,31.0,47.1342163086,0.3314587,0.01949757,0.0318627451,5.9,0.0,91.2315444946,-44.097328186,-21.7166277746,376,2026,False,0,0,5
00-0040729,Jack Bech,WR,LV,24.0,52.9168624878,0.28583896,0.016814057,0.0,42.4,0.0,89.7821807861,-36.8653182983,-21.8526941532,377,2026,False,0,0,13
00-0036345,K.J. Osborn,WR,TEN,29.0,52.8666725159,0.28792858,0.016936975,0.0,18.7,0.0,89.7821807861,-36.9155082703,-21.8824453165,378,2026,False,0,0,9
00-0031941,Jamison Crowder,WR,WAS,33.0,52.7071723938,0.06865835,0.0040387264,0.0,28.2,0.0,89.7821807861,-37.0750083923,-21.9769923745,379,2026,False,0,0,7
00-0037120,Tyler Goodson,RB,ATL,26.0,46.4359741211,0.32481086,0.019106522,0.0209302326,5.2,0.0,91.2315444946,-44.7955703735,-22.060491367,380,2026,False,0,0,11
00-0038519,Nikko Remigio,WR,KC,27.0,52.5303077698,0.2233032,0.013135483,0.0023419204,4.2,0.0,89.7821807861,-37.2518730164,-22.0818326068,381,2026,False,0,0,5
00-0039236,Johnny Wilson,WR,PHI,25.0,52.2737693787,0.24749899,0.014558764,0.0,14.8,0.0,89.7821807861,-37.5084114075,-22.2339011432,382,2026,False,0,0,10
00-0036567,Elijah Mitchell,RB,PHI,28.0,45.7215499878,0.36142027,0.021260016,0.0,0.0,0.0,91.2315444946,-45.5099945068,-22.4123240882,383,2026,False,0,0,10
00-0038976,Marvin Mims Jr.,WR,DEN,24.0,51.9454956055,0.31477022,0.018515896,0.0273348519,89.0,0.0666666667,89.7821807861,-37.8366851807,-22.4284923388,384,2026,False,0,0,10
00-0039920,Malachi Corley,WR,CLE,24.0,51.9083213806,0.29114854,0.017126385,0.03117506,33.7,0.0,89.7821807861,-37.8738594055,-22.4505281439,385,2026,False,0,0,11
00-0034777,D.J. Chark,WR,LAC,30.0,51.8137168884,0.57326037,0.033721197,0.0,13.1,0.0,89.7821807861,-37.9684638977,-22.5066069499,386,2026,False,0,0,7
00-0039521,Xavier Weaver,WR,ARI,26.0,51.7419471741,0.2913885,0.0171405,0.0,13.7,0.0,89.7821807861,-38.0402336121,-22.5491499602,387,2026,False,0,0,14
00-0033376,Patrick Ricard,RB,NYG,32.0,45.3247680664,0.47239304,0.027787825,0.0020408163,2.1,0.0,91.2315444946,-45.9067764282,-22.6077274301,388,2026,False,0,0,8
00-0038488,Brady Russell,RB,SEA,28.0,45.3247680664,0.47239304,0.027787825,0.0,0.0,0.0,91.2315444946,-45.9067764282,-22.6077274301,389,2026,False,0,0,11
00-0039923,J.J. McCarthy,QB,MIN,23.0,144.6584191247,1.6670797,0.09806351,0.0707070707,140.38,0.4,210.3753976643,-65.7169785396,-22.6344102683,390,2026,False,0,0,6
00-0038621,DeMario Douglas,WR,NE,26.0,51.3285064697,0.21412015,0.012595303,0.0149892934,98.8,0.0625,89.7821807861,-38.4536743164,-22.7942256487,391,2026,False,0,0,11
00-0040476,Ulysses Bentley IV,RB,IND,26.0,44.8749771118,0.2552855,0.015016794,0.0023255814,0.0,0.0,91.2315444946,-46.3565673828,-22.8292361504,392,2026,False,0,0,13
00-0038128,Malik Willis,QB,MIA,27.0,144.0634638385,2.580244,0.15177906,0.0383795309,53.58,0.25,210.3753976643,-66.3119338259,-22.8393262936,393,2026,False,0,0,6
00-0039244,Chris Collier,RB,LV,26.0,44.5351791382,0.20217192,0.011892466,0.0131578947,1.8,0.0,91.2315444946,-46.6963653564,-22.9965765861,394,2026,False,0,0,13
00-0038938,Jalin Hyatt,WR,NYG,25.0,50.9750671387,0.28523016,0.016778246,0.0,8.5,0.0,89.7821807861,-38.8071136475,-23.0037342589,395,2026,False,0,0,8
00-0040205,Kalel Mullings,RB,TEN,24.0,44.3108215332,0.26462734,0.015566314,0.0080645161,0.7,0.0,91.2315444946,-46.9207229614,-23.1070660601,396,2026,False,0,0,9
00-0036988,Josh Palmer,WR,BUF,27.0,50.7810440063,0.1269263,0.007466253,0.0,55.6,0.0,89.7821807861,-39.0011367798,-23.1187455586,397,2026,False,0,0,7
00-0037666,Jalen Tolbert,WR,MIA,27.0,50.618850708,0.09771216,0.005747774,0.0,44.3,0.0,89.7821807861,-39.1633300781,-23.2148890535,398,2026,False,0,0,6
00-0037594,Julius Chestnut,RB,TEN,26.0,43.9375534058,0.31197917,0.018351717,0.0295698925,4.0,0.0,91.2315444946,-47.2939910889,-23.290889555,399,2026,False,0,0,9
00-0031235,Odell Beckham,WR,NYG,34.0,50.4786758423,0.24546742,0.014439261,0.0,14.5,0.0,89.7821807861,-39.3035049438,-23.2979806586,400,2026,False,0,0,8
00-0036331,Devin Duvernay,WR,ARI,29.0,50.4421920776,0.32965863,0.019391684,0.0,4.6,0.0,89.7821807861,-39.3399887085,-23.3196071787,401,2026,False,0,0,14
00-0039052,Trey Palmer,WR,NO,25.0,50.2155838013,0.25434327,0.014961369,0.0,35.2,0.0,89.7821807861,-39.5665969849,-23.4539340091,402,2026,False,0,0,8
00-0039407,Dylan Laube,RB,LV,27.0,43.2692108154,0.19667459,0.011569093,0.0192837466,5.7,0.0,91.2315444946,-47.9623336792,-23.6200284815,403,2026,False,0,0,13
00-0040184,KeAndre Lambert-Smith,WR,LAC,25.0,49.7242355347,0.21798122,0.012822425,0.0,16.1,0.0,89.7821807861,-40.0579452515,-23.7451910465,404,2026,False,0,0,7
00-0040131,Kyle Williams,WR,NE,24.0,49.7099151611,0.35299623,0.020764485,0.0042826552,49.2,0.0,89.7821807861,-40.072265625,-23.7536797497,405,2026,False,0,0,11
00-0040189,Oronde Gadsden II,TE,LAC,23.0,90.9913330078,0.52232,0.030724704,0.0,136.4,0.0666666667,125.5790863037,-34.5877532959,-23.7626694949,406,2026,False,0,0,7
00-0034386,Justin Watson,WR,HOU,30.0,49.6262359619,0.1804018,0.01061187,0.0,6.0,0.0,89.7821807861,-40.1559448242,-23.8032823581,407,2026,False,0,0,8
00-0033282,Curtis Samuel,WR,BUF,30.0,49.4752883911,0.2038585,0.011991676,0.0,21.1,0.0,89.7821807861,-40.306892395,-23.8927597111,408,2026,False,0,0,7
00-0038840,Brycen Tremayne,WR,CAR,27.0,49.2117767334,0.14277792,0.008398701,0.0,30.0,0.0,89.7821807861,-40.5704040527,-24.0489617982,409,2026,False,0,0,5
00-0036841,Austin Trammell,WR,JAX,28.0,49.1810760498,0.113098264,0.006652839,0.0,7.6,0.0,89.7821807861,-40.6011047363,-24.0671602753,410,2026,False,0,0,7
00-0036176,Mason Kinsey,WR,TEN,28.0,49.1510238647,0.25691938,0.015112905,0.0,6.8,0.0,89.7821807861,-40.6311569214,-24.0849743411,411,2026,False,0,0,9
00-0039152,Will Levis,QB,TEN,27.0,140.0739863377,2.328514,0.13697141,0.1,135.94,0.0,210.3753976643,-70.3014113266,-24.2133923647,412,2026,False,0,0,9
00-0038896,Jacob Saylors,RB,DET,26.0,41.8500671387,0.3385625,0.019915441,0.0046511628,1.1,0.0,91.2315444946,-49.381477356,-24.318914701,413,2026,False,0,0,6
00-0039379,Jamari Thrash,WR,CLE,26.0,48.5793533325,0.21677518,0.0127514815,0.0,20.7,0.0,89.7821807861,-41.2028274536,-24.4238440939,414,2026,False,0,0,11
00-0038679,Tyrell Shavers,WR,BUF,27.0,48.4786376953,0.0,0.0,0.0,47.6,0.0,89.7821807861,-41.3035430908,-24.4835454099,415,2026,False,0,0,7
00-0040218,Jimmy Horn Jr.,WR,CAR,24.0,48.07787323,0.09380984,0.005518226,0.018018018,28.7,0.0,89.7821807861,-41.7043075562,-24.7211069906,416,2026,False,0,0,5
00-0036133,James Proche,WR,TEN,30.0,47.9134902954,0.2641642,0.0155390715,0.0,12.5,0.0,89.7821807861,-41.8686904907,-24.8185484385,417,2026,False,0,0,9
00-0034418,Cedrick Wilson Jr.,WR,DET,31.0,47.8681030273,0.15201902,0.008942296,0.0,9.4,0.0,89.7821807861,-41.9140777588,-24.8454526979,418,2026,False,0,0,6
00-0031549,Nelson Agholor,WR,BAL,33.0,47.6801528931,0.0,0.0,0.0,49.1,0.0,89.7821807861,-42.1020278931,-24.9568641,419,2026,False,0,0,13
00-0036187,Reggie Gilliam,RB,NE,29.0,40.5099182129,0.37657034,0.022151196,0.0038314176,4.8,0.0,91.2315444946,-50.7216262817,-24.9788983459,420,2026,False,0,0,11
00-0029263,Russell Wilson,QB,NYG,38.0,137.6934215024,0.5665524,0.03332661,0.0358565737,55.84,0.1666666667,210.3753976643,-72.6819761619,-25.0333126098,421,2026,False,0,0,8
00-0036862,Ben Skowronek,WR,PIT,29.0,46.9744262695,0.13232243,0.0077836723,0.0,16.9,0.0,89.7821807861,-42.8077545166,-25.3751984254,422,2026,False,0,0,9
00-0039623,Mason Tipton,WR,NO,26.0,46.8367996216,0.17489159,0.01028774,0.0093676815,20.4,0.0,89.7821807861,-42.9453811646,-25.4567795207,423,2026,False,0,0,8
00-0040590,Konata Mumpfield,WR,LA,24.0,46.8092193604,0.047763824,0.0028096368,0.0,25.2,0.0,89.7821807861,-42.9729614258,-25.4731283016,424,2026,False,0,0,11
00-0038891,Shedrick Jackson,WR,LV,27.0,46.7285766602,0.36674714,0.021573361,0.0027548209,15.9,0.0,89.7821807861,-43.053604126,-25.5209309613,425,2026,False,0,0,13
00-0031503,Jameis Winston,QB,NYG,32.0,136.2776193715,0.91712236,0.053948373,0.0099601594,50.48,0.3333333333,210.3753976643,-74.0977782928,-25.5209468103,426,2026,False,0,0,8
00-0036370,Joshua Kelley,RB,TEN,29.0,39.3595428467,0.24631643,0.014489202,0.0022222222,0.2,0.0,91.2315444946,-51.8720016479,-25.5454241346,427,2026,False,0,0,9
00-0039543,Ramel Keyton,WR,LV,26.0,46.6536026001,0.18071103,0.010630061,0.0,1.7,0.0,89.7821807861,-43.128578186,-25.565373415,428,2026,False,0,0,13
00-0038090,Skyy Moore,WR,GB,26.0,46.1307830811,0.104028106,0.0061193,0.0043290043,14.8,0.0,89.7821807861,-43.6513977051,-25.8752857005,429,2026,False,0,0,11
00-0033375,Tim Patrick,WR,NYJ,33.0,45.7676620483,0.20756626,0.0122097805,0.0,51.7,0.0,89.7821807861,-44.0145187378,-26.0905333434,430,2026,False,0,0,13
00-0030564,DeAndre Hopkins,WR,BAL,34.0,45.3698272705,0.0,0.0,0.0,67.0,0.0,89.7821807861,-44.4123535156,-26.3263582901,431,2026,False,0,0,13
00-0037093,Dareke Young,WR,LV,27.0,45.1913299561,0.19562984,0.011507638,0.0,6.8,0.0,89.7821807861,-44.5908508301,-26.4321663341,432,2026,False,0,0,13
00-0039392,Jha'Quan Jackson,WR,HOU,26.0,44.8873214722,0.084765434,0.004986202,0.0022222222,1.3,0.0,89.7821807861,-44.894859314,-26.6123737682,433,2026,False,0,0,8
00-0039364,Sione Vaki,RB,DET,25.0,37.1521835327,0.3057338,0.017984342,0.0023255814,0.4,0.0,91.2315444946,-54.0793609619,-26.632483205,434,2026,False,0,0,6
00-0039365,Jacob Cowing,WR,SF,25.0,44.1527023315,0.21125698,0.012426881,0.0022123894,12.7,0.0,89.7821807861,-45.6294784546,-27.0478347418,435,2026,False,0,0,8
00-0040352,Coleman Owen,WR,IND,25.0,43.9764175415,0.1741556,0.010244447,0.0,0.0,0.0,89.7821807861,-45.8057632446,-27.1523312653,436,2026,False,0,0,13
00-0036980,Elijah Moore,WR,PHI,26.0,43.962387085,0.0,0.0,0.0114942529,28.6,0.0,89.7821807861,-45.8197937012,-27.1606481141,437,2026,False,0,0,10
00-0040164,Jaylin Lane,WR,WAS,24.0,43.8649215698,0.082031846,0.0048254025,0.0021052632,39.2,0.0,89.7821807861,-45.9172592163,-27.2184228517,438,2026,False,0,0,7
00-0036959,Michael Bandy,WR,DEN,29.0,43.5593719482,0.1596477,0.0093910415,0.0,15.0,0.0,89.7821807861,-46.2228088379,-27.3995438277,439,2026,False,0,0,10
00-0038576,Charlie Jones,WR,CIN,28.0,43.4946136475,0.059955716,0.0035268068,0.0,0.0,0.0,89.7821807861,-46.2875671387,-27.4379306749,440,2026,False,0,0,6
00-0038104,Tyquan Thornton,WR,KC,26.0,43.378288269,0.31540084,0.01855299,0.0,80.8,0.0,89.7821807861,-46.4038925171,-27.5068849938,441,2026,False,0,0,5
00-0038492,Jason Brownlee,WR,KC,27.0,43.3165130615,0.14274275,0.008396633,0.0,0.0,0.0,89.7821807861,-46.4656677246,-27.5435035497,442,2026,False,0,0,5
00-0034419,Braxton Berrios,WR,NYG,31.0,43.0972366333,0.0,0.0,0.0,9.7,0.0,89.7821807861,-46.6849441528,-27.6734842725,443,2026,False,0,0,8
00-0039062,Jonathan Mingo,WR,DAL,25.0,43.0081558228,0.055792928,0.003281937,0.0,3.5,0.0,89.7821807861,-46.7740249634,-27.7262887999,444,2026,False,0,0,14
00-0039847,Theo Johnson,TE,NYG,25.0,85.1636886597,0.5151962,0.03030566,0.0,127.8,0.0666666667,125.5790863037,-40.415397644,-27.7664099343,445,2026,False,0,0,8
00-0040432,Beaux Collins,WR,NYG,24.0,42.8682937622,0.09864962,0.0058029187,0.0,4.5,0.0,89.7821807861,-46.9138870239,-27.8091949831,446,2026,False,0,0,8
00-0039589,Kameron Johnson,WR,TB,24.0,42.4598464966,0.13635325,0.00802078,0.0043103448,17.7,0.0,89.7821807861,-47.3223342896,-28.0513107055,447,2026,False,0,0,10
00-0036254,Collin Johnson,WR,CHI,29.0,42.3817138672,0.12583148,0.007401852,0.0,1.6,0.0,89.7821807861,-47.4004669189,-28.0976254678,448,2026,False,0,0,10
00-0035976,Dan Chisena,WR,CAR,29.0,42.0922851562,0.120565295,0.0070920764,0.0,6.7,0.0,89.7821807861,-47.6898956299,-28.2691904343,449,2026,False,0,0,5
00-0035229,T.J. Hockenson,TE,MIN,29.0,84.3782119751,0.34657878,0.020386986,0.0025252525,112.8,0.0,125.5790863037,-41.2008743286,-28.3060524688,450,2026,False,0,0,6
00-0037348,Tanner Conner,WR,NYG,28.0,41.7138290405,0.109529495,0.0064429115,0.0,4.6,0.0,89.7821807861,-48.0683517456,-28.4935282708,451,2026,False,0,0,8
00-0036040,Juwan Johnson,TE,NO,30.0,83.9671173096,0.4354901,0.025617065,0.0,183.9,0.0,125.5790863037,-41.6119689941,-28.5884849988,452,2026,False,0,0,8
00-0040563,Efton Chism III,WR,NE,25.0,41.5040359497,0.098962426,0.0058213193,0.0,16.5,0.0,89.7821807861,-48.2781448364,-28.6178875456,453,2026,False,0,0,11
00-0035594,Travis Homer,RB,PIT,28.0,33.111869812,0.18302095,0.010765938,0.002016129,-0.2,0.0,91.2315444946,-58.1196746826,-28.6222180205,454,2026,False,0,0,9
00-0040582,Arian Smith,WR,NYJ,25.0,41.4942169189,0.1603905,0.009434735,0.0088300221,13.5,0.0,89.7821807861,-48.2879638672,-28.6237079829,455,2026,False,0,0,13
00-0038911,Malik Cunningham,WR,DET,28.0,41.4621810913,0.19916773,0.011715748,0.0023255814,0.1,0.0,89.7821807861,-48.3199996948,-28.6426978948,456,2026,False,0,0,6
00-0036244,Colby Parkinson,TE,LA,27.0,83.7437820435,0.703863,0.041403707,0.0,131.8,0.0714285714,125.5790863037,-41.8353042603,-28.741922028,457,2026,False,0,0,11
00-0034860,Dante Pettis,WR,NO,31.0,40.9395751953,0.15888047,0.0093459105,0.0,21.7,0.0,89.7821807861,-48.8426055908,-28.9524835506,458,2026,False,0,0,8
00-0040406,Quentin Skinner,WR,NYJ,25.0,40.9371795654,0.14721835,0.008659903,0.0,2.0,0.0,89.7821807861,-48.8450012207,-28.9539036107,459,2026,False,0,0,13
00-0038728,Jared Wayne,WR,HOU,26.0,40.9058837891,0.14378333,0.008457843,0.0,4.0,0.0,89.7821807861,-48.8762969971,-28.9724548415,460,2026,False,0,0,8
00-0040024,Darius Cooper,WR,PHI,25.0,40.7172698975,0.07170999,0.0042182347,0.0,18.2,0.0,89.7821807861,-49.0649108887,-29.0842596998,461,2026,False,0,0,10
LAN311008,Ja'Kobi Lane,WR,BAL,22.0,53.8,0.5,0.027,0.0,,,,-49.1,-29.1051,462,2026,True,3,80,13
00-0039816,Anthony Gould,WR,IND,25.0,40.5923843384,0.15348566,0.009028568,0.0,2.6,0.0,89.7821807861,-49.1897964478,-29.1582882462,463,2026,False,0,0,13
00-0040534,Ke'Shawn Williams,WR,CIN,25.0,40.5064468384,0.14875448,0.008750264,0.0053050398,2.5,0.0,89.7821807861,-49.2757339478,-29.20922951,464,2026,False,0,0,6
DKBF-225-TY-SIMPSON,Ty Simpson,QB,LA,,125.5130913373,1.6634428864,0.0978495816,0.0408414572,,,210.3753976643,-84.862306327,-29.2284931596,465,2026,False,0,0,11
00-0037382,Brandon Johnson,WR,PIT,28.0,40.4102249146,0.06765199,0.003979529,0.0,1.9,0.0,89.7821807861,-49.3719558716,-29.2662670827,466,2026,False,0,0,9
00-0037098,Samori Toure,WR,PHI,28.0,40.2805404663,0.08958888,0.005269934,0.0,1.3,0.0,89.7821807861,-49.5016403198,-29.3431402717,467,2026,False,0,0,10
00-0037422,Kendric Pryor,WR,CIN,28.0,40.1014709473,0.14517939,0.008539964,0.0,1.9,0.0,89.7821807861,-49.6807098389,-29.449287502,468,2026,False,0,0,6
00-0036497,Tim Jones,WR,JAX,28.0,40.0793838501,0.1347171,0.007924535,0.0,2.5,0.0,89.7821807861,-49.702796936,-29.4623800943,469,2026,False,0,0,7
00-0035602,Alex Bachman,WR,LV,30.0,39.8492736816,0.113557816,0.0066798716,0.0,3.2,0.0,89.7821807861,-49.9329071045,-29.5987827449,470,2026,False,0,0,13
BRA836631,Chris Brazzell II,WR,CAR,22.0,52.9,0.4,0.023,0.0,,,,-50.0,-29.6386,471,2026,True,3,83,5
00-0037487,Deven Thompkins,WR,ATL,27.0,39.597618103,0.086544156,0.0050908327,0.0021505376,6.2,0.0,89.7821807861,-50.1845626831,-29.7479568914,472,2026,False,0,0,11
00-0039376,Spencer Rattler,QB,NO,26.0,123.7611270265,1.567368,0.09219812,0.0725995316,103.34,0.1111111111,210.3753976643,-86.6142706378,-29.8319092002,473,2026,False,0,0,8
00-0039650,Bryce Oliver,WR,TEN,26.0,39.4287567139,0.09787202,0.0057571777,0.0,1.8,0.0,89.7821807861,-50.3534240723,-29.8480530376,474,2026,False,0,0,9
00-0038465,Malik Heath,WR,ATL,26.0,39.008392334,0.0722698,0.0042511644,0.0,14.6,0.0,89.7821807861,-50.7737884521,-30.0972328806,475,2026,False,0,0,11
00-0034829,Mike Gesicki,TE,CIN,31.0,81.6759109497,0.39229953,0.023076443,0.0,70.7,0.0833333333,125.5790863037,-43.903175354,-30.1626022595,476,2026,False,0,0,6
00-0033857,JuJu Smith-Schuster,WR,NYG,30.0,38.8777313232,0.0,0.0,0.0,73.5,0.0,89.7821807861,-50.9044494629,-30.1746849477,477,2026,False,0,0,8
00-0040172,Jordan Watkins,WR,SF,24.0,38.7754058838,0.1390475,0.008179265,0.0,4.6,0.0,89.7821807861,-51.0067749023,-30.2353405079,478,2026,False,0,0,8
00-0036635,Ihmir Smith-Marsette,WR,ARI,27.0,38.7331619263,0.20002294,0.011766055,0.0,0.0,0.0,89.7821807861,-51.0490188599,-30.2603815038,479,2026,False,0,0,14
00-0036463,Chris Blair,WR,ATL,29.0,38.5826797485,0.07113516,0.004184421,0.0,2.7,0.0,89.7821807861,-51.1995010376,-30.3495829852,480,2026,False,0,0,11
00-0036955,Terrace Marshall,WR,MIA,26.0,38.2536315918,0.042652726,0.002508984,0.0,7.1,0.0,89.7821807861,-51.5285491943,-30.5446332129,481,2026,False,0,0,6
00-0040154,Tai Felton,WR,MIN,23.0,37.9583282471,0.047125697,0.0027720998,0.0,5.5,0.0,89.7821807861,-51.8238525391,-30.7196804924,482,2026,False,0,0,6
00-0033537,Deshaun Watson,QB,CLE,31.0,121.1699967699,2.1102176,0.12413044,0.0792838875,80.72,0.0,210.3753976643,-89.2054008944,-30.7243529276,483,2026,False,0,0,11
00-0040009,Savion Williams,WR,GB,25.0,37.9027709961,0.0,0.0,0.0234541578,27.5,0.0,89.7821807861,-51.87940979,-30.7526132235,484,2026,False,0,0,11
00-0031428,Allen Robinson,WR,DET,33.0,37.666519165,0.08809245,0.0051819086,0.0,6.0,0.0,89.7821807861,-52.1156616211,-30.892656474,485,2026,False,0,0,6
00-0038824,Ryan Miller,WR,NYG,26.0,37.3152618408,0.10768974,0.0063346904,0.0,11.4,0.0,89.7821807861,-52.4669189453,-31.1008716538,486,2026,False,0,0,8
00-0039751,Jordan Whittington,WR,LA,26.0,37.2333679199,0.02432239,0.0014307288,0.006833713,36.3,0.0,89.7821807861,-52.5488128662,-31.1494160008,487,2026,False,0,0,11
00-0038573,Derius Davis,WR,LAC,26.0,36.72290802,0.0928911,0.0054641822,0.0044247788,3.5,0.0,89.7821807861,-53.0592727661,-31.4520018616,488,2026,False,0,0,7
00-0038941,Tyler Scott,WR,LA,25.0,36.616104126,0.034505844,0.0020297556,0.0,1.5,0.0,89.7821807861,-53.1660766602,-31.5153121201,489,2026,False,0,0,11
00-0033357,Taysom Hill,QB,NO,36.0,118.6597807265,2.9711745,0.17477497,0.1217798595,43.78,0.0,210.3753976643,-91.7156169378,-31.5889279743,490,2026,False,0,0,8
00-0033589,David Moore,WR,CAR,31.0,36.0955734253,0.061482906,0.0036166415,0.0022522523,2.7,0.0,89.7821807861,-53.6866073608,-31.8238676602,491,2026,False,0,0,5
00-0040506,Myles Price,WR,MIN,25.0,36.0013961792,0.067391634,0.0039642137,0.0,0.0,0.0,89.7821807861,-53.7807846069,-31.8796932071,492,2026,False,0,0,6
00-0036630,Tylan Wallace,WR,CLE,27.0,35.9124984741,0.15119255,0.008893679,0.0,14.5,0.0,89.7821807861,-53.869682312,-31.9323891948,493,2026,False,0,0,11
00-0040317,Jacoby Jones,WR,WAS,25.0,35.8299865723,0.029748559,0.0017499152,0.0,3.5,0.0,89.7821807861,-53.9521942139,-31.9812998631,494,2026,False,0,0,7
rookie_2026_165,Nicholas Singleton,RB,TEN,22.0,33.2,0.4,0.024,0.0,,,,-65.1,-32.0598,495,2026,True,5,165,9
00-0040668,Shedeur Sanders,QB,CLE,24.0,117.1094566186,0.82102203,0.048295412,0.0479616307,97.2,0.125,210.3753976643,-93.2659410457,-32.1228945791,496,2026,False,0,0,11
00-0038496,Xavier Gipson,WR,NYG,25.0,35.5396957397,0.0,0.0,0.0,2.6,0.0,89.7821807861,-54.2424850464,-32.1533758704,497,2026,False,0,0,8
00-0036877,Jaelon Darden,WR,SEA,27.0,35.4553909302,0.011667728,0.000686337,0.0,1.6,0.0,89.7821807861,-54.326789856,-32.2033493225,498,2026,False,0,0,11
00-0038752,Jake Bobo,WR,SEA,28.0,35.4214859009,0.0,0.0,0.0,4.0,0.0,89.7821807861,-54.3606948853,-32.223447243,499,2026,False,0,0,11
00-0039398,Joe Milton III,QB,DAL,26.0,115.822294526,1.0317926,0.060693685,0.0111607143,14.32,0.0,210.3753976643,-94.5531031383,-32.5662222477,500,2026,False,0,0,14
00-0035891,Cody White,WR,SEA,28.0,34.7631530762,0.010195494,0.000599735,0.0,18.0,0.0,89.7821807861,-55.01902771,-32.6136878955,501,2026,False,0,0,11
00-0037156,Irvin Charles,WR,SEA,29.0,34.7446517944,0.011356115,0.0006680068,0.0,0.0,0.0,89.7821807861,-55.0375289917,-32.6246549201,502,2026,False,0,0,11
00-0035993,Tyler Huntley,QB,BAL,28.0,115.2468877222,1.6653485,0.09796168,0.0387755102,40.64,0.0,210.3753976643,-95.1285099421,-32.7644053346,503,2026,False,0,0,13
00-0028118,Tyrod Taylor,QB,GB,37.0,115.1350740385,0.7057617,0.04151539,0.055187638,66.66,0.1666666667,210.3753976643,-95.2403236258,-32.8029164903,504,2026,False,0,0,11
00-0034867,Malik Turner,WR,SF,30.0,34.3722610474,0.1058228,0.0062248707,0.0,0.0,0.0,89.7821807861,-55.4099197388,-32.8453973815,505,2026,False,0,0,8
00-0034487,Trent Sherfield,WR,BUF,30.0,34.2319641113,0.05280733,0.0031063135,0.0,5.1,0.0,89.7821807861,-55.5502166748,-32.9285613463,506,2026,False,0,0,7
THO495568,Brenen Thompson,WR,LAC,23.0,46.8,0.1,0.004,0.0,,,,-56.1,-33.2545,507,2026,True,4,105,7
00-0034646,Brandon Powell,WR,MIN,31.0,33.1424484253,0.019966602,0.001174506,0.0,14.1,0.0,89.7821807861,-56.6397323608,-33.5743947247,508,2026,False,0,0,6
DKBF-201-ELI-STOWERS,Eli Stowers,TE,PHI,,75.9338763368,0.4766314785,0.0280371458,0.0013612279,,,125.5790863037,-49.6452099669,-34.1075266253,509,2026,False,0,0,10
00-0035140,Mecole Hardman,WR,BUF,28.0,30.6233139038,0.06558442,0.0038579071,0.0,0.0,0.0,89.7821807861,-59.1588668823,-35.0676647891,510,2026,False,0,0,7
00-0031345,Jimmy Garoppolo,QB,LA,35.0,108.524212585,4.6507215,0.27357185,0.0044444444,23.86,1.0,210.3753976643,-101.8511850793,-35.0798463445,511,2026,False,0,0,11
00-0038400,Tanner McKee,QB,PHI,26.0,105.6857613214,0.57595396,0.033879645,0.0064239829,15.16,0.0,210.3753976643,-104.689636343,-36.0574730074,512,2026,False,0,0,10
00-0038933,Dalton Kincaid,TE,BUF,27.0,72.6560440063,0.328803,0.019341353,0.0,132.1,0.0833333333,125.5790863037,-52.9230422974,-36.3594811151,513,2026,False,0,0,7
00-0039793,AJ Barner,TE,SEA,24.0,72.6322631836,0.5096969,0.02998217,0.0202839757,147.3,0.0588235294,125.5790863037,-52.9468231201,-36.3758191475,514,2026,False,0,0,11
00-0040075,LaJohntay Wester,WR,BAL,24.0,28.286239624,0.0,0.0,0.0,0.0,0.0,89.7821807861,-61.4959411621,-36.4530148093,515,2026,False,0,0,13
00-0032950,Carson Wentz,QB,MIN,34.0,101.932931908,2.202541,0.12956125,0.0277777778,79.34,0.2,210.3753976643,-108.4424657563,-37.3500321374,516,2026,False,0,0,6
00-0036290,Cole Kmet,TE,CHI,27.0,71.1428222656,0.23416296,0.013774292,0.0,76.7,0.0,125.5790863037,-54.4362640381,-37.3991030816,517,2026,False,0,0,10
00-0033949,Joshua Dobbs,QB,NE,31.0,101.472068788,0.89066505,0.05239206,0.0021413276,2.8,0.0,210.3753976643,-108.9033288763,-37.508763795,518,2026,False,0,0,11
00-0022942,Philip Rivers,QB,IND,45.0,100.7584921556,2.2862177,0.1344834,0.0023255814,34.76,0.0,210.3753976643,-109.6169055087,-37.7545356886,519,2026,False,0,0,13
00-0033110,Tyler Higbee,TE,LA,33.0,70.212387085,0.33499435,0.019705549,0.0,71.1,0.1111111111,125.5790863037,-55.3666992188,-38.0383358035,520,2026,False,0,0,11
THO417520,Zavion Thomas,WR,CHI,21.0,38.2,0.3,0.018,0.0,,,,-64.7,-38.3523,521,2026,True,3,89,10
00-0040704,Dillon Gabriel,QB,CLE,26.0,97.1158515317,1.926172,0.113304235,0.03117506,72.18,0.1,210.3753976643,-113.2595461326,-39.0091433132,522,2026,False,0,0,11
00-0037838,Isaiah Likely,TE,NYG,26.0,68.4201049805,0.20969024,0.01233472,0.0,63.7,0.0,125.5790863037,-57.1589813232,-39.269679364,523,2026,False,0,0,8
00-0035264,Jarrett Stidham,QB,DEN,30.0,95.9692990662,1.0409479,0.06123223,0.0088105727,0.5,0.0,210.3753976643,-114.4060985981,-39.4040418535,524,2026,False,0,0,10
00-0040234,Quinn Ewers,QB,MIA,23.0,95.0266914658,0.5753248,0.033842634,0.0141509434,36.38,0.0,210.3753976643,-115.3487061986,-39.7286971804,525,2026,False,0,0,6
00-0036894,Pat Freiermuth,TE,PIT,28.0,66.9564971924,0.2262038,0.0133061055,0.0,116.6,0.0666666667,125.5790863037,-58.6225891113,-40.2752152784,526,2026,False,0,0,9
00-0040584,Gunnar Helm,TE,TEN,24.0,66.9273071289,0.41223907,0.024249358,0.0,91.7,0.0,125.5790863037,-58.6517791748,-40.2952695972,527,2026,False,0,0,9
00-0039164,Anthony Richardson,QB,IND,24.0,92.317910485,0.88600063,0.052117683,0.0023255814,2.46,0.0,210.3753976643,-118.0574871794,-40.661662472,528,2026,False,0,0,13
00-0036898,Davis Mills,QB,HOU,28.0,91.0964487,1.5198534,0.08940314,0.0242825607,65.9,0.1666666667,210.3753976643,-119.2789489643,-41.0823614722,529,2026,False,0,0,8
00-0036423,Albert Okwuegbunam,TE,LV,28.0,65.7102584839,0.47059023,0.02768178,0.0,8.6,0.0,125.5790863037,-59.8688278198,-41.131413086,530,2026,False,0,0,13
DKBF-241-MICHAEL-TRIGG,Michael Trigg,TE,DAL,,65.4019101153,0.2876420311,0.0169201195,0.0012003345,,,125.5790863037,-60.1771761885,-41.343256287,531,2026,False,0,0,14
00-0038476,Tommy DeVito,QB,NE,28.0,90.2946689515,1.5985818,0.094034225,0.0188235294,13.48,0.0,210.3753976643,-120.0807287128,-41.3585125092,532,2026,False,0,0,11
RAN022436,Adam Randall,RB,BAL,22.0,13.6,0.2,0.014,0.0,,,,-84.7,-41.7122,533,2026,True,5,174,13
00-0039814,Erick All,TE,CIN,26.0,64.7023468018,0.26508927,0.015593487,0.0,35.8,0.0,125.5790863037,-60.876739502,-41.8238741423,534,2026,False,0,0,6
00-0033869,Mitchell Trubisky,QB,TEN,32.0,88.7310755305,2.346228,0.13801341,0.0038314176,29.82,0.25,210.3753976643,-121.6443221338,-41.8970493648,535,2026,False,0,0,9
KLU066027,Cade Klubnik,QB,NYJ,22.0,88.6,2.1,0.125,0.0,,,,-121.8,-41.9507,536,2026,True,4,110,13
00-0039144,Luke Musgrave,TE,GB,26.0,64.2972869873,0.0597941,0.0035173,0.0,49.2,0.0,125.5790863037,-61.2817993164,-42.1021605755,537,2026,False,0,0,11
00-0033885,David Njoku,TE,LAC,30.0,64.0746002197,0.17291811,0.010171654,0.0,86.3,0.0,125.5790863037,-61.504486084,-42.2551520697,538,2026,False,0,0,7
00-0038122,Desmond Ridder,QB,GB,27.0,87.500618701,0.45969582,0.02704093,0.0236842105,25.92,0.0,210.3753976643,-122.8747789633,-42.3208464613,539,2026,False,0,0,11
LAN016345,Bryce Lance,WR,NO,24.0,31.5,0.2,0.014,0.0,,,,-71.4,-42.3239,540,2026,True,4,136,8
00-0027973,Andy Dalton,QB,PHI,39.0,87.1842444449,0.6039238,0.03552493,0.0045045045,14.82,0.0,210.3753976643,-123.1911532194,-42.4298128939,541,2026,False,0,0,10
00-0037112,Jake Tonges,TE,SF,27.0,63.2045097351,0.48713028,0.028654722,0.0,93.3,0.0,125.5790863037,-62.3745765686,-42.8529264449,542,2026,False,0,0,8
BEL597603,Skyler Bell,WR,BUF,24.0,30.4,0.2,0.012,0.0,,,,-72.5,-42.9759,543,2026,True,4,125,7
WET055619,Kaden Wetjen,WR,PIT,24.0,30.2,0.2,0.01,0.0,,,,-72.7,-43.0945,544,2026,True,4,121,9
00-0037809,Chig Okonkwo,TE,WAS,27.0,62.5813751221,0.31531155,0.018547738,0.0,124.0,0.0,125.5790863037,-62.9977111816,-43.2810358319,545,2026,False,0,0,7
00-0038558,Darnell Washington,TE,PIT,25.0,62.4544715881,0.20709848,0.012182264,0.0,73.4,0.0,125.5790863037,-63.1246147156,-43.3682217994,546,2026,False,0,0,9
00-0033858,Jonnu Smith,TE,PIT,31.0,62.4218215942,0.11173025,0.0065723676,0.0227848101,85.2,0.0,125.5790863037,-63.1572647095,-43.3906531787,547,2026,False,0,0,9
00-0031800,Taylor Heinicke,QB,LAC,33.0,83.0686900616,0.8754871,0.05149924,0.0043290043,3.12,0.0,210.3753976643,-127.3067076027,-43.8473026882,548,2026,False,0,0,7
00-0040737,Terrance Ferguson,TE,LA,23.0,61.2397956848,0.81905735,0.048179843,0.0022779043,52.1,0.0,125.5790863037,-64.3392906189,-44.2027351541,549,2026,False,0,0,11
KLE258860,Marlin Klein,TE,HOU,23.0,61.1,0.0,0.0,0.0,,,,-64.5,-44.3131,550,2026,True,2,59,8
00-0034771,Mason Rudolph,QB,PIT,31.0,81.4933610973,0.6361873,0.037422784,0.0075949367,19.1,0.0,210.3753976643,-128.882036567,-44.3898815297,551,2026,False,0,0,9
VIR271235,Reggie Virgil,WR,ARI,22.0,28.0,0.4,0.022,0.0,,,,-74.9,-44.3986,552,2026,True,5,143,14
00-0035704,Drew Lock,QB,SEA,30.0,80.757901534,0.8580086,0.050471097,0.0040567951,0.6,0.0,210.3753976643,-129.6174961304,-44.6431903985,553,2026,False,0,0,11
MIL303300,Jam Miller,RB,NE,22.0,7.1,0.0,0.0,0.0,,,,-91.2,-44.9133,554,2026,True,7,245,11
00-0038579,Aidan O'Connell,QB,LV,28.0,78.8348391402,1.1014326,0.06479015,0.0027548209,4.78,0.0,210.3753976643,-131.5405585241,-45.3055364795,555,2026,False,0,0,13
00-0037077,Sam Howell,QB,DAL,26.0,78.4584251582,0.13522553,0.007954443,0.002617801,0.16,0.0,210.3753976643,-131.9169725061,-45.4351819484,556,2026,False,0,0,14
00-0039066,Michael Mayer,TE,LV,25.0,59.3771133423,0.12132886,0.0071369917,0.0,73.8,0.0,125.5790863037,-66.2019729614,-45.4824454753,557,2026,False,0,0,13
00-0032392,Austin Hooper,TE,ATL,32.0,58.0757675171,0.08743733,0.0051433723,0.0,59.3,0.0,125.5790863037,-67.5033187866,-46.3765032789,558,2026,False,0,0,11
00-0039356,Ja'Tavion Sanders,TE,CAR,23.0,56.8594398499,0.14396808,0.00846871,0.0,54.0,0.0,125.5790863037,-68.7196464539,-47.2121514375,559,2026,False,0,0,5
rookie_2026_140,Colbie Young,WR,CIN,24.0,23.0,0.2,0.009,0.0,,,,-79.9,-47.3624,560,2026,True,4,140,6
00-0035689,Dawson Knox,TE,BUF,30.0,56.4024734497,0.45749736,0.026911609,0.0,101.7,0.0,125.5790863037,-69.176612854,-47.5260990202,561,2026,False,0,0,7
BOE586077,Nate Boerkircher,TE,JAX,25.0,55.6,0.0,0.0,0.0,,,,-70.0,-48.0918,562,2026,True,2,56,7
00-0039359,Cade Stover,TE,HOU,26.0,55.3113517761,0.16478986,0.009693521,0.0088300221,19.9,0.0,125.5790863037,-70.2677345276,-48.2757274649,563,2026,False,0,0,8
00-0036754,Brock Wright,TE,DET,28.0,55.1619720459,0.1369034,0.008053142,0.0,36.8,0.0,125.5790863037,-70.4171142578,-48.378355153,564,2026,False,0,0,6
MCG547540,Seth McGowan,RB,IND,24.0,0.0,0.0,0.0,0.0,,,,-98.3,-48.4098,565,2026,True,7,237,13
00-0033895,Gerald Everett,TE,CHI,32.0,55.0923995972,0.046882033,0.0027577667,0.0,11.6,0.0,125.5790863037,-70.4866867065,-48.4261532014,566,2026,False,0,0,10
00-0026300,Josh Johnson,QB,CIN,40.0,68.36321414,0.66544247,0.039143674,0.0231578947,28.48,0.0,210.3753976643,-142.0121835243,-48.9122004147,567,2026,False,0,0,6
00-0037005,Tommy Tremble,TE,CAR,26.0,53.7681732178,0.067748696,0.0039852173,0.0,63.9,0.0,125.5790863037,-71.8109130859,-49.3359305298,568,2026,False,0,0,5
00-0040206,Riley Leonard,QB,IND,24.0,67.1228003662,0.79228735,0.04660514,0.011627907,36.4,0.2,210.3753976643,-143.2525972981,-49.3394269075,569,2026,False,0,0,13
00-0037013,Zach Wilson,QB,NO,27.0,66.7543343887,0.74989223,0.044111308,0.0023584906,1.58,0.0,210.3753976643,-143.6210632756,-49.4663349044,570,2026,False,0,0,8
ALL092954,Cyrus Allen,WR,KC,23.0,19.4,0.3,0.015,0.0,,,,-83.5,-49.4964,571,2026,True,5,176,5
00-0038809,Ben Sims,TE,MIA,26.0,53.3148040771,0.10876188,0.0063977577,0.0,6.0,0.0,125.5790863037,-72.2642822266,-49.6474067034,572,2026,False,0,0,6
00-0037805,Jeremy Ruckert,TE,NYJ,26.0,53.1184768677,0.12512657,0.0073603867,0.0,45.8,0.0,125.5790863037,-72.460609436,-49.7822885082,573,2026,False,0,0,13
00-0033217,Mo Alie-Cox,TE,IND,33.0,52.8351974487,0.16595286,0.009761933,0.0,30.7,0.0,125.5790863037,-72.743888855,-49.9769087008,574,2026,False,0,0,13
00-0039041,Elijah Higgins,TE,ARI,26.0,52.3332977295,0.16785628,0.009873899,0.0,60.1,0.0,125.5790863037,-73.2457885742,-50.3217266208,575,2026,False,0,0,14
00-0040187,Mitchell Evans,TE,CAR,23.0,52.0747375488,0.118823856,0.006989639,0.0022522523,48.2,0.0,125.5790863037,-73.5043487549,-50.4993640656,576,2026,False,0,0,5
00-0037004,Hunter Long,TE,JAX,28.0,51.6219444275,0.13191503,0.007759708,0.0,32.5,0.0,125.5790863037,-73.9571418762,-50.8104444992,577,2026,False,0,0,7
00-0035289,Gardner Minshew,QB,ARI,30.0,61.6487114574,0.25602913,0.015060537,0.0023419204,1.28,0.0,210.3753976643,-148.726686207,-51.2248266469,578,2026,False,0,0,14
00-0040628,Drake Dabney,TE,GB,24.0,50.757434845,0.092582434,0.0054460256,0.0,1.3,0.0,125.5790863037,-74.8216514587,-51.4043846522,579,2026,False,0,0,11
00-0038108,Bailey Zappe,QB,NYJ,27.0,60.550598918,1.1760681,0.06918047,0.0051150895,9.0,0.0,210.3753976643,-149.8247987464,-51.6030413836,580,2026,False,0,0,13
00-0040398,Brady Cook,QB,NYJ,25.0,59.5529648944,1.9001019,0.1117707,0.0286975717,35.46,0.0,210.3753976643,-150.82243277,-51.9466490523,581,2026,False,0,0,13
00-0036637,Noah Gray,TE,KC,27.0,49.8478240967,0.08102557,0.00476621,0.0,38.8,0.0,125.5790863037,-75.731262207,-52.0293104575,582,2026,False,0,0,5
00-0038115,Daniel Bellinger,TE,TEN,26.0,49.6573066711,0.14005938,0.008238787,0.0,59.6,0.0,125.5790863037,-75.9217796326,-52.1602007925,583,2026,False,0,0,9
00-0035249,Josh Oliver,TE,MIN,29.0,49.6324882507,0.051822186,0.0030483638,0.0,55.0,0.0,125.5790863037,-75.946598053,-52.1772516809,584,2026,False,0,0,6
00-0034159,Will Dissly,TE,LAC,30.0,48.8770561218,0.076125026,0.004477943,0.0,20.7,0.0,125.5790863037,-76.7020301819,-52.6962528386,585,2026,False,0,0,7
00-0037012,Trey Lance,QB,LAC,26.0,57.0806590156,0.9980955,0.0587115,0.0331858407,16.74,0.0,210.3753976643,-153.2947386487,-52.7981669828,586,2026,False,0,0,7
00-0034177,Tim Boyle,QB,NYG,32.0,56.1018063443,0.7808876,0.045934565,0.0070588235,14.94,0.0,210.3753976643,-154.27359132,-53.13530593,587,2026,False,0,0,8
00-0035644,Noah Fant,TE,NO,29.0,47.853515625,0.10799709,0.00635277,0.0,80.8,0.0,125.5790863037,-77.7255706787,-53.3994512896,588,2026,False,0,0,8
COL362413,Kevin Coleman Jr.,WR,MIA,22.0,12.8,0.1,0.008,0.0,,,,-90.1,-53.4087,589,2026,True,5,177,6
00-0039074,Davis Allen,TE,LA,25.0,47.5055847168,0.14149684,0.0083233435,0.0,62.8,0.0,125.5790863037,-78.0735015869,-53.6384887058,590,2026,False,0,0,11
00-0036679,Shane Buechele,QB,BUF,28.0,53.3982858408,0.9576299,0.056331173,0.0023419204,3.92,0.0,210.3753976643,-156.9771118235,-54.0664593945,591,2026,False,0,0,7
LAW090280,Kendrick Law,WR,DET,23.0,11.2,0.0,0.0,0.0,,,,-91.7,-54.3571,592,2026,True,5,168,6
HEN199637,Emmanuel Henderson Jr.,WR,SEA,22.0,11.1,0.5,0.027,0.0,,,,-91.8,-54.4164,593,2026,True,6,199,11
BEN601117,Malik Benson,WR,LV,22.0,10.9,0.0,0.0,0.0,,,,-92.0,-54.5349,594,2026,True,6,195,13
00-0036422,Adam Trautman,TE,DEN,29.0,46.1649703979,0.13817394,0.008127878,0.0,45.5,0.0,125.5790863037,-79.4141159058,-54.559524967,595,2026,False,0,0,10
BRO268113,Barion Brown,WR,NO,22.0,10.0,0.0,0.001,0.0,,,,-92.9,-55.0684,596,2026,True,6,190,8
00-0035631,Drew Sample,TE,CIN,30.0,45.2132568359,0.08761257,0.0051536807,0.0026525199,31.9,0.0,125.5790863037,-80.3658294678,-55.2133764801,597,2026,False,0,0,6
00-0040739,Elijah Arroyo,TE,SEA,23.0,44.9036178589,0.037213683,0.0021890402,0.0,38.9,0.0,125.5790863037,-80.6754684448,-55.426106362,598,2026,False,0,0,11
00-0034270,Tyler Conklin,TE,DET,31.0,44.8768157959,0.057153285,0.0033619578,0.0022123894,17.3,0.0,125.5790863037,-80.7022705078,-55.4445200635,599,2026,False,0,0,6
00-0034830,Hayden Hurst,TE,LAC,33.0,44.6230392456,0.079054624,0.004650272,0.0,15.3,0.0,125.5790863037,-80.9560470581,-55.6188710322,600,2026,False,0,0,7
00-0034613,Tanner Hudson,TE,CIN,32.0,44.0873603821,0.1365448,0.008032046,0.0,47.8,0.0,125.5790863037,-81.4917259216,-55.9868960866,601,2026,False,0,0,6
00-0037292,Andrew Ogletree,TE,IND,28.0,43.6444740295,0.10406938,0.0061217286,0.0,12.7,0.0,125.5790863037,-81.9346122742,-56.2911703171,602,2026,False,0,0,13
00-0031585,MyCole Pruitt,TE,PIT,34.0,42.7575759888,0.076845855,0.0045203445,0.0,16.0,0.0,125.5790863037,-82.8215103149,-56.9004919125,603,2026,False,0,0,9
00-0034365,Ian Thomas,TE,LV,30.0,42.6621894836,0.09208518,0.0054167756,0.0,24.4,0.0,125.5790863037,-82.9168968201,-56.9660248766,604,2026,False,0,0,13
00-0038547,Luke Schoonmaker,TE,DAL,28.0,42.5074310303,0.07217276,0.0042454563,0.0,27.2,0.0,125.5790863037,-83.0716552734,-57.0723478848,605,2026,False,0,0,14
00-0037086,Grant Calcaterra,TE,PHI,28.0,42.3325996399,0.11824551,0.0069556185,0.0,22.6,0.0,125.5790863037,-83.2464866638,-57.1924615132,606,2026,False,0,0,10
00-0038550,Hendon Hooker,QB,TEN,28.0,44.0500107627,1.0935175,0.06432456,0.009380863,2.68,0.0,210.3753976643,-166.3253869016,-57.2862162689,607,2026,False,0,0,9
00-0039530,Brevyn Spann-Ford,TE,DAL,27.0,41.8668060303,0.17129433,0.010076137,0.0,24.0,0.0,125.5790863037,-83.7122802734,-57.5124736142,608,2026,False,0,0,14
KLA269938,Max Klare,TE,LA,23.0,41.8,0.0,0.0,0.0,,,,-83.8,-57.5727,609,2026,True,2,61,11
00-0038416,Tyson Bagent,QB,CHI,26.0,43.1533478751,1.0162554,0.05977973,0.0040322581,2.58,0.0,210.3753976643,-167.2220497893,-57.5950472,610,2026,False,0,0,10
BON235618,Lewis Bond,WR,HOU,22.0,5.5,0.0,0.0,0.0,,,,-97.4,-57.7359,611,2026,True,6,204,8
00-0040058,Nick Kallerup,TE,SEA,25.0,41.5170669556,0.061703563,0.0036296214,0.0,0.0,0.0,125.5790863037,-84.0620193481,-57.7527532869,612,2026,False,0,0,11
WIL189259,CJ Williams,WR,JAX,22.0,5.4,0.1,0.005,0.0,,,,-97.5,-57.7952,613,2026,True,6,203,7
CAM108646,Josh Cameron,WR,JAX,23.0,5.3,0.1,0.006,0.0,,,,-97.6,-57.8545,614,2026,True,6,191,7
00-0034955,Brett Rypien,QB,MIN,30.0,42.3959457761,0.8546457,0.050273277,0.0,0.0,0.0,210.3753976643,-167.9794518883,-57.8559135731,615,2026,False,0,0,6
00-0036534,Shane Zylstra,TE,BUF,30.0,41.2858734131,0.09298661,0.005469801,0.0,5.0,0.0,125.5790863037,-84.2932128906,-57.9115891526,616,2026,False,0,0,7
HIB564972,Matthew Hibner,TE,BAL,24.0,40.8,0.0,0.0,0.0,,,,-84.8,-58.2598,617,2026,True,4,133,13
rookie_2026_254,Deion Burks,WR,IND,23.0,4.3,0.0,0.0,0.0,,,,-98.6,-58.4472,618,2026,True,7,254,13
00-0037539,Lucas Krull,TE,DEN,28.0,40.4963569641,0.08961204,0.0052712965,0.0,3.5,0.0,125.5790863037,-85.0827293396,-58.4540071084,619,2026,False,0,0,10
00-0036590,Quintin Morris,TE,JAX,27.0,40.3766670227,0.13255674,0.007797455,0.0,17.5,0.0,125.5790863037,-85.202419281,-58.5362371537,620,2026,False,0,0,7
rookie_2026_73,Oscar Delp,TE,NO,23.0,40.3,0.0,0.0,0.0,,,,-85.3,-58.6033,621,2026,True,3,73,8
00-0036232,Harrison Bryant,TE,SEA,28.0,39.9431991577,0.02894491,0.0017026417,0.0,2.7,0.0,125.5790863037,-85.635887146,-58.8340406428,622,2026,False,0,0,11
00-0040673,Jalen Milroe,QB,SEA,24.0,39.4257126703,1.0209758,0.0600574,0.0060851927,0.4,0.0,210.3753976643,-170.949684994,-58.8789288761,623,2026,False,0,0,11
00-0036876,Kylen Granson,TE,TEN,28.0,39.7812271118,0.095039815,0.005590577,0.0,11.0,0.0,125.5790863037,-85.7978591919,-58.9453195733,624,2026,False,0,0,9
00-0033662,Cooper Rush,QB,BAL,33.0,38.0684589003,0.5120394,0.030119967,0.0020408163,8.12,0.0,210.3753976643,-172.306938764,-59.3463977,625,2026,False,0,0,13
00-0037327,Skylar Thompson,QB,BAL,29.0,36.3815567817,1.0663688,0.06272758,0.0022988506,7.88,0.0,210.3753976643,-173.9938408826,-59.9274048534,626,2026,False,0,0,13
00-0038102,Kenny Pickett,QB,CAR,28.0,36.3049715302,0.41122174,0.024189515,0.0137741047,11.72,0.0,210.3753976643,-174.0704261341,-59.9537825421,627,2026,False,0,0,5
00-0033455,Anthony Firkser,TE,WAS,31.0,37.7315406799,0.058227897,0.0034251704,0.0,13.3,0.0,125.5790863037,-87.8475456238,-60.3535064778,628,2026,False,0,0,7
00-0037755,Jelani Woods,TE,NYJ,28.0,37.4034881592,0.0,0.0,0.0,1.4,0.0,125.5790863037,-88.1755981445,-60.5788869343,629,2026,False,0,0,13
00-0033576,Eric Saubert,TE,SEA,32.0,37.2889518738,0.012234747,0.000719691,0.0,7.1,0.0,125.5790863037,-88.2901344299,-60.6575762864,630,2026,False,0,0,11
00-0038783,Nate Adkins,TE,DEN,27.0,37.1141967773,0.053601146,0.0031530086,0.0,16.8,0.0,125.5790863037,-88.4648895264,-60.7776374989,631,2026,False,0,0,10
SMI038569,Anthony Smith,WR,DAL,22.0,0.2,0.0,0.0,0.0,,,,-102.7,-60.8776,632,2026,True,7,218,14
DAN490797,CJ Daniels,WR,LA,22.0,0.0,0.0,0.0,0.0,,,,-102.9,-60.9961,633,2026,True,6,197,11
00-0036628,John Bates,TE,WAS,29.0,36.6375923157,0.09032595,0.005313291,0.0,27.3,0.0,125.5790863037,-88.941493988,-61.1050769312,634,2026,False,0,0,7
00-0032394,Nick Vannett,TE,LA,33.0,36.0336151123,0.07363364,0.004331391,0.0,48.5,0.0,125.5790863037,-89.5454711914,-61.5200246886,635,2026,False,0,0,11
00-0040363,Keleki Latu,TE,BUF,24.0,36.0253181458,0.055409133,0.0032593608,0.0,7.5,0.0,125.5790863037,-89.553768158,-61.5257249165,636,2026,False,0,0,7
00-0033319,Nick Mullens,QB,JAX,31.0,31.5715068725,0.81383896,0.04787288,0.0,0.76,0.0,210.3753976643,-178.8038907918,-61.5840945777,637,2026,False,0,0,7
RAR148318,Eli Raridon,TE,NE,22.0,35.8,0.0,0.0,0.0,,,,-89.8,-61.6949,638,2026,True,3,95,11
00-0034577,Kyle Allen,QB,BUF,30.0,31.2258753344,0.76150894,0.044794645,0.0,0.0,0.0,210.3753976643,-179.1495223299,-61.7031378783,639,2026,False,0,0,7
00-0038589,Josh Whyle,TE,GB,27.0,35.7054214478,0.0044430494,0.0002613559,0.0,14.6,0.0,125.5790863037,-89.873664856,-61.7455021145,640,2026,False,0,0,11
00-0038046,Charlie Kolar,TE,LAC,27.0,35.3211936951,0.06455815,0.003797538,0.0,36.2,0.0,125.5790863037,-90.2578926086,-62.0094763895,641,2026,False,0,0,7
00-0037475,Stone Smartt,TE,PHI,28.0,35.1056556702,0.0076599717,0.0004505866,0.0,12.2,0.0,125.5790863037,-90.4734306335,-62.157556515,642,2026,False,0,0,10
00-0033439,Pharaoh Brown,TE,ARI,32.0,34.8225021362,0.09496158,0.0055859755,0.0,2.1,0.0,125.5790863037,-90.7565841675,-62.3520902213,643,2026,False,0,0,14
00-0037324,Chris Oladokun,QB,KC,29.0,28.1448378236,1.237349,0.072785236,0.0117096019,15.2,0.0,210.3753976643,-182.2305598408,-62.7643167186,644,2026,False,0,0,5
00-0039631,Cam Grandy,TE,CIN,27.0,34.1931686401,0.059636176,0.0035080104,0.0,2.7,0.0,125.5790863037,-91.3859176636,-62.7844583992,645,2026,False,0,0,6
00-0040244,Moliki Matavao,TE,NO,23.0,34.0596084595,0.07287574,0.004286808,0.0,3.0,0.0,125.5790863037,-91.5194778442,-62.876217653,646,2026,False,0,0,8
00-0039458,Brenden Bates,TE,CLE,27.0,33.7575263977,0.09411135,0.005535962,0.0,8.8,0.0,125.5790863037,-91.821559906,-63.0837557412,647,2026,False,0,0,11
00-0035100,Jake Browning,QB,TB,30.0,27.1401161121,0.7249899,0.042646464,0.0212201592,56.84,0.4,210.3753976643,-183.2352815522,-63.1103655469,648,2026,False,0,0,10
00-0031237,Teddy Bridgewater,QB,DET,34.0,27.0039927368,0.8121805,0.047775324,0.0021551724,3.08,0.0,210.3753976643,-183.3714049276,-63.1572495089,649,2026,False,0,0,6
00-0039737,Tip Reiman,TE,ARI,25.0,33.37159729,0.06319222,0.0037171894,0.0,4.8,0.0,125.5790863037,-92.2074890137,-63.3488988904,650,2026,False,0,0,14
00-0039577,Kedon Slovis,QB,ARI,25.0,26.3915706052,0.7915964,0.046564493,0.0,-0.08,0.0,210.3753976643,-183.9838270591,-63.3681815099,651,2026,False,0,0,14
00-0036887,Luke Farrell,TE,SF,29.0,33.1387557983,0.08089879,0.0047587524,0.0,31.5,0.0,125.5790863037,-92.4403305054,-63.5088669393,652,2026,False,0,0,8
00-0034981,Foster Moreau,TE,HOU,29.0,33.0011520386,0.03692949,0.002172323,0.0,12.9,0.0,125.5790863037,-92.5779342651,-63.6034042351,653,2026,False,0,0,8
00-0038583,Dorian Thompson-Robinson,QB,CLE,27.0,24.5724002279,0.28750825,0.01691225,0.0537084399,22.8,0.0,210.3753976643,-185.8029974364,-63.9947448362,654,2026,False,0,0,11
00-0036556,Brevin Jordan,TE,HOU,26.0,31.9220123291,0.021903574,0.0012884456,0.0,2.7,0.0,125.5790863037,-93.6570739746,-64.3448007646,655,2026,False,0,0,8
00-0036429,Charlie Woerner,TE,ATL,29.0,31.8113365173,0.05188769,0.0030522172,0.0,12.8,0.0,125.5790863037,-93.7677497864,-64.4208378727,656,2026,False,0,0,11
00-0040194,Jackson Hawes,TE,BUF,26.0,31.7399215698,0.039792776,0.0023407515,0.0,52.7,0.0,125.5790863037,-93.8391647339,-64.4699017648,657,2026,False,0,0,7
00-0034798,Durham Smythe,TE,BAL,31.0,31.6295471191,0.032794476,0.0019290867,0.0,6.5,0.0,125.5790863037,-93.9495391846,-64.5457318301,658,2026,False,0,0,13
00-0039754,Devin Culp,TE,TB,26.0,30.5598373413,0.111831635,0.0065783313,0.0,7.6,0.0,125.5790863037,-95.0192489624,-65.2806497558,659,2026,False,0,0,10
00-0039648,David Martin-Robinson,TE,TEN,27.0,30.3542098999,0.08626881,0.005074636,0.0,13.0,0.0,125.5790863037,-95.2248764038,-65.4219210574,660,2026,False,0,0,9
rookie_2026_65,Carson Beck,QB,ARI,24.0,20.2,0.3,0.019,0.0,,,,-190.2,-65.5092,661,2026,True,3,65,14
00-0037569,Peyton Hendershot,TE,KC,27.0,30.1511688232,0.07843608,0.004613887,0.0,10.1,0.0,125.5790863037,-95.4279174805,-65.5614154605,662,2026,False,0,0,5
00-0039613,Dallin Holker,TE,NO,26.0,30.1362342834,0.10313091,0.006066524,0.0,5.1,0.0,125.5790863037,-95.4428520203,-65.5716758706,663,2026,False,0,0,8
GRE361852,Taylen Green,QB,CLE,23.0,20.0,0.1,0.004,0.0,,,,-190.4,-65.5781,664,2026,True,6,182,11
00-0036332,Josiah Deguara,TE,ARI,29.0,29.9540481567,0.08368772,0.004922807,0.0,11.1,0.0,125.5790863037,-95.625038147,-65.6968423906,665,2026,False,0,0,14
00-0037654,Tucker Fisk,TE,LAC,27.0,29.7524299622,0.08377451,0.0049279123,0.0,3.9,0.0,125.5790863037,-95.8266563416,-65.8353592373,666,2026,False,0,0,7
ALL015451,Drew Allar,QB,PIT,22.0,18.7,0.0,0.0,0.0,,,,-191.7,-66.0258,667,2026,True,3,76,9
00-0038394,Will Mallory,TE,IND,27.0,29.1339797974,0.092428625,0.005436978,0.0,2.6,0.0,125.5790863037,-96.4451065063,-66.2602502888,668,2026,False,0,0,13
00-0040509,Ben Yurosek,TE,MIN,24.0,28.6026000977,0.032848477,0.0019322634,0.0,3.4,0.0,125.5790863037,-96.9764862061,-66.6253217079,669,2026,False,0,0,6
00-0037340,Zaire Mitchell-Paden,TE,NO,27.0,28.0966682434,0.07252362,0.0042660953,0.0,3.7,0.0,125.5790863037,-97.4824180603,-66.9729098076,670,2026,False,0,0,8
00-0039824,Jared Wiley,TE,KC,26.0,28.0785675049,0.0668484,0.0039322586,0.0,1.4,0.0,125.5790863037,-97.5005187988,-66.985345477,671,2026,False,0,0,5
00-0037282,James Mitchell,TE,CAR,27.0,27.9565124512,0.07236713,0.00425689,0.0,5.8,0.0,125.5790863037,-97.6225738525,-67.0692004148,672,2026,False,0,0,5
BRE060106,Max Bredeson,TE,MIN,23.0,27.8,0.0,0.0,0.0,,,,-97.8,-67.1911,673,2026,True,5,159,6
00-0036741,Jack Stoll,TE,CLE,28.0,27.5440216064,0.070121706,0.0041248063,0.0,16.6,0.0,125.5790863037,-98.0350646973,-67.3525921555,674,2026,False,0,0,11
00-0040488,Carter Runyon,TE,LV,25.0,27.3053359985,0.045413315,0.0026713714,0.0,1.3,0.0,125.5790863037,-98.2737503052,-67.5165752615,675,2026,False,0,0,13
KAC282861,Will Kacmarek,TE,MIA,23.0,27.2,0.0,0.0,0.0,,,,-98.4,-67.6033,676,2026,True,3,87,6
PAY546690,Cole Payton,QB,PHI,23.0,14.1,0.4,0.025,0.0,,,,-196.3,-67.6101,677,2026,True,5,178,10
00-0038710,Blake Whiteheart,TE,CLE,26.0,27.0799560547,0.06732598,0.003960352,0.0,2.4,0.0,125.5790863037,-98.499130249,-67.6714170365,678,2026,False,0,0,11
CUE040912,Josh Cuevas,TE,BAL,22.0,26.2,0.0,0.0,0.0,,,,-99.4,-68.2903,679,2026,True,5,173,13
00-0038643,Brayden Willis,TE,SF,27.0,26.0549697876,0.0933834,0.0054931412,0.0,0.0,0.0,125.5790863037,-99.5241165161,-68.3756087686,680,2026,False,0,0,8
00-0039686,Colson Yankoff,TE,WAS,26.0,26.0350418091,0.041008532,0.0024122666,0.0,3.8,0.0,125.5790863037,-99.5440444946,-68.3892997986,681,2026,False,0,0,7
00-0031484,Chris Manhertz,TE,NYG,34.0,26.0069046021,0.056504667,0.003323804,0.0,1.7,0.0,125.5790863037,-99.5721817017,-68.4086307781,682,2026,False,0,0,8
00-0033246,Johnny Mundt,TE,PHI,32.0,25.9352874756,0.0,0.0,0.0,20.1,0.0,125.5790863037,-99.6437988281,-68.4578335723,683,2026,False,0,0,10
00-0039912,Ben Sinnott,TE,WAS,24.0,25.7091827393,0.043229878,0.002542934,0.0,28.4,0.0,125.5790863037,-99.8699035645,-68.6131732983,684,2026,False,0,0,7
00-0039420,Jaheim Bell,TE,PIT,25.0,25.5674705505,0.05349511,0.003146771,0.0,4.0,0.0,125.5790863037,-100.0116157532,-68.7105331897,685,2026,False,0,0,9
00-0038498,E.J. Jenkins,TE,PHI,28.0,25.3011703491,0.048965573,0.0028803279,0.0,7.7,0.0,125.5790863037,-100.2779159546,-68.8934882264,686,2026,False,0,0,10
00-0036825,Feleipe Franks,TE,CAR,29.0,24.5719871521,0.026793659,0.0015760976,0.0043010753,0.4,0.0,125.5790863037,-101.0070991516,-69.3944556978,687,2026,False,0,0,5
00-0039050,Payne Durham,TE,TB,26.0,23.7486038208,0.0,0.0,0.0,2.1,0.0,125.5790863037,-101.8304824829,-69.9601410663,688,2026,False,0,0,10
00-0032434,Brandon Allen,QB,NYG,34.0,5.4715703424,1.0834017,0.06372951,0.0,1.88,0.0,210.3753976643,-204.9038273219,-70.5735016461,689,2026,False,0,0,8
00-0033757,Robert Tonyan,TE,PIT,32.0,22.8209037781,0.05908072,0.0034753364,0.0,1.1,0.0,125.5790863037,-102.7581825256,-70.5974946787,690,2026,False,0,0,9
NUS440041,Garrett Nussmeier,QB,KC,22.0,0.1,0.0,0.002,0.0,,,,-210.3,-72.4321,691,2026,True,7,249,5
00-0040494,Max Brosmer,QB,MIN,25.0,0.0,0.03366661,0.0019803888,0.0050505051,10.72,0.0,210.3753976643,-210.3753976643,-72.4580339343,692,2026,False,0,0,6
KAL252591,Athan Kaliakmanis,QB,WAS,22.0,0.0,0.0,0.0,0.0,,,,-210.4,-72.4665,693,2026,True,7,223,7
MOR767384,Behren Morton,QB,NE,22.0,0.0,0.0,0.0,0.0,,,,-210.4,-72.4665,694,2026,True,7,234,11
KAN023071,Jaren Kanak,TE,TEN,22.0,20.0,0.0,0.0,0.0,,,,-105.6,-72.5499,695,2026,True,7,225,9
KOZ404039,Tanner Koziol,TE,JAX,22.0,15.8,0.0,0.0,0.0,,,,-109.8,-75.4354,696,2026,True,5,164,7
SHA375359,Bauer Sharp,TE,TB,23.0,15.4,0.0,0.0,0.0,,,,-110.2,-75.7102,697,2026,True,6,185,10
NOW373761,Riley Nowakowski,TE,PIT,24.0,15.2,0.0,0.0,0.0,,,,-110.4,-75.8476,698,2026,True,5,169,9
JOL735174,Justin Joly,TE,DEN,22.0,14.4,0.0,0.0,0.0,,,,-111.2,-76.3972,699,2026,True,5,152,10
rookie_2026_170,Joe Royer,TE,CLE,24.0,11.3,0.0,0.0,0.0,,,,-114.3,-78.527,700,2026,True,5,170,11
ROU550040,Sam Roush,TE,CHI,23.0,8.1,0.0,0.0,0.0,,,,-117.5,-80.7255,701,2026,True,3,69,10
END438361,Jack Endries,TE,CIN,22.0,5.4,0.0,0.0,0.0,,,,-120.2,-82.5805,702,2026,True,7,221,6
RYA022232,Carsen Ryan,TE,CLE,23.0,5.1,0.0,0.0,0.0,,,,-120.5,-82.7866,703,2026,True,7,248,11
BEN687044,Dallen Bentley,TE,DEN,25.0,5.1,0.0,0.0,0.0,,,,-120.5,-82.7866,704,2026,True,7,256,10
TRA291459,Seydou Traore,TE,MIA,22.0,4.6,0.0,0.0,0.0,,,,-121.0,-83.1301,705,2026,True,5,180,6
